[
  {
    "referenced_tweets": [
      {
        "type": "replied_to",
        "id": "1809469772712583260"
      }
    ],
    "reply_settings": "everyone",
    "id": "1809610356438036656",
    "entities": {
      "mentions": [
        {
          "start": 0,
          "end": 12,
          "username": "Kpelczynska",
          "id": "493303532"
        }
      ],
      "hashtags": [
        {
          "start": 13,
          "end": 23,
          "tag": "innowacje"
        }
      ]
    },
    "created_at": "2024-07-06T15:28:24.000Z",
    "in_reply_to_user_id": "493303532",
    "lang": "pl",
    "edit_history_tweet_ids": [
      "1809610356438036656"
    ],
    "text": "@Kpelczynska #innowacje społeczne",
    "edit_controls": {
      "edits_remaining": 5,
      "is_edit_eligible": false,
      "editable_until": "2024-07-06 16:28:24+00:00"
    },
    "conversation_id": "1809469772712583260",
    "author_id": "1259144657969328134",
    "public_metrics": {
      "retweet_count": 0,
      "reply_count": 0,
      "like_count": 4,
      "quote_count": 0,
      "bookmark_count": 0,
      "impression_count": 297
    },
    "possibly_sensitive": false,
    "category": "Reply"
  },
  {
    "reply_settings": "everyone",
    "id": "1784924841902031324",
    "created_at": "2024-04-29T12:36:59.000Z",
    "lang": "pl",
    "edit_history_tweet_ids": [
      "1784924841902031324"
    ],
    "text": "NIEWINNA.\nPrawomocny wyrok ws. organizacji WOŚP.\n\nWięcej informacji tutaj:\nhttps://t.co/Tr5vB2CrjC https://t.co/mCSzCkdvIb",
    "edit_controls": {
      "edits_remaining": 5,
      "is_edit_eligible": true,
      "editable_until": "2024-04-29 13:36:59+00:00"
    },
    "conversation_id": "1784924841902031324",
    "author_id": "1259144657969328134",
    "public_metrics": {
      "retweet_count": 6,
      "reply_count": 13,
      "like_count": 20,
      "quote_count": 1,
      "bookmark_count": 0,
      "impression_count": 2709
    },
    "entities": {
      "urls": [
        {
          "start": 75,
          "end": 98,
          "url": "https://t.co/Tr5vB2CrjC",
          "expanded_url": "https://www.facebook.com/100063672661983/posts/pfbid0N6cNXg4ah2MLgULZMCZ5ujyiDst7FSfHfjaW93Ub9K5mjt9wQpT8WdY8MhYKv5UZl/?mibextid=WC7FNe",
          "display_url": "facebook.com/10006367266198…",
          "status": 200,
          "unwound_url": "https://www.facebook.com/100063672661983/posts/948220870643660/?mibextid=WC7FNe"
        },
        {
          "start": 99,
          "end": 122,
          "url": "https://t.co/mCSzCkdvIb",
          "expanded_url": "https://x.com/aga_buczynska/status/1784924841902031324/photo/1",
          "display_url": "pic.x.com/mCSzCkdvIb",
          "media_key": "3_1784924813225525248"
        }
      ]
    },
    "attachments": {
      "media_keys": [
        "3_1784924813225525248"
      ]
    },
    "possibly_sensitive": false,
    "category": "Original"
  },
  {
    "reply_settings": "everyone",
    "id": "1778791662514254097",
    "entities": {
      "mentions": [
        {
          "start": 5,
          "end": 13,
          "username": "PL_2050",
          "id": "1295647949238697987"
        }
      ]
    },
    "created_at": "2024-04-12T14:25:55.000Z",
    "lang": "pl",
    "edit_history_tweet_ids": [
      "1778791662514254097"
    ],
    "text": "Klub @PL_2050 💪 jako jedyni mieliśmy 100% frekwencji i 100 % za dalszymi pracami nad 4 projektami ✌️ dość kłótni i do przodu 🫶",
    "edit_controls": {
      "edits_remaining": 5,
      "is_edit_eligible": true,
      "editable_until": "2024-04-12 15:25:55+00:00"
    },
    "conversation_id": "1778791662514254097",
    "author_id": "1259144657969328134",
    "public_metrics": {
      "retweet_count": 25,
      "reply_count": 17,
      "like_count": 131,
      "quote_count": 1,
      "bookmark_count": 1,
      "impression_count": 7905
    },
    "possibly_sensitive": false,
    "category": "Original"
  },
  {
    "reply_settings": "everyone",
    "id": "1775250405183586669",
    "created_at": "2024-04-02T19:54:13.000Z",
    "lang": "pl",
    "edit_history_tweet_ids": [
      "1775250405183586669"
    ],
    "text": "Cichy bohater, wolontariusz. Zginął dzieląc się dobrem, udzielając pomocy humanitarnej. Składam najszczersze wyrazy współczucia wszystkim bliskim i calej rodzinie Pana Damiana.",
    "edit_controls": {
      "edits_remaining": 5,
      "is_edit_eligible": true,
      "editable_until": "2024-04-02 20:54:13+00:00"
    },
    "conversation_id": "1775250405183586669",
    "author_id": "1259144657969328134",
    "public_metrics": {
      "retweet_count": 13,
      "reply_count": 18,
      "like_count": 69,
      "quote_count": 0,
      "bookmark_count": 0,
      "impression_count": 3253
    },
    "possibly_sensitive": false,
    "category": "Original"
  },
  {
    "reply_settings": "everyone",
    "id": "1771171299848601899",
    "entities": {
      "mentions": [
        {
          "start": 126,
          "end": 134,
          "username": "niwcrso",
          "id": "1002259603537702912"
        },
        {
          "start": 182,
          "end": 190,
          "username": "niwcrso",
          "id": "1002259603537702912"
        }
      ],
      "hashtags": [
        {
          "start": 16,
          "end": 23,
          "tag": "100dni"
        },
        {
          "start": 94,
          "end": 98,
          "tag": "NGO"
        }
      ],
      "urls": [
        {
          "start": 264,
          "end": 287,
          "url": "https://t.co/YjZIFT4Lkv",
          "expanded_url": "https://x.com/aga_buczynska/status/1771171299848601899/photo/1",
          "display_url": "pic.x.com/YjZIFT4Lkv",
          "media_key": "3_1771171294261751808"
        }
      ]
    },
    "created_at": "2024-03-22T13:45:19.000Z",
    "lang": "pl",
    "edit_history_tweet_ids": [
      "1771171299848601899"
    ],
    "text": "Co się udało na #100dni:\n👉250 mln zł dla NGO\n👉sprawiedliwe zasady rozstrzygania konkursów dla #NGO\n👉kontrola i zmiana władz w @niwcrso \n👉 trzeci sektor z większością głosów w Radzie @niwcrso \n👉zainicjowanie grup doradczych \n✅legislacja ✅wolontariat ✅ partycypacja https://t.co/YjZIFT4Lkv",
    "edit_controls": {
      "edits_remaining": 5,
      "is_edit_eligible": true,
      "editable_until": "2024-03-22 14:45:19+00:00"
    },
    "context_annotations": [
      {
        "domain": {
          "id": "131",
          "name": "Unified Twitter Taxonomy",
          "description": "A taxonomy of user interests. "
        },
        "entity": {
          "id": "1074751614123008000",
          "name": "Social causes",
          "description": "Social causes"
        }
      }
    ],
    "conversation_id": "1771171299848601899",
    "author_id": "1259144657969328134",
    "public_metrics": {
      "retweet_count": 20,
      "reply_count": 23,
      "like_count": 58,
      "quote_count": 1,
      "bookmark_count": 4,
      "impression_count": 2510
    },
    "attachments": {
      "media_keys": [
        "3_1771171294261751808"
      ]
    },
    "possibly_sensitive": false,
    "category": "Original"
  },
  {
    "reply_settings": "everyone",
    "id": "1768363107917631892",
    "entities": {
      "mentions": [
        {
          "start": 92,
          "end": 100,
          "username": "niwcrso",
          "id": "1002259603537702912"
        }
      ],
      "hashtags": [
        {
          "start": 214,
          "end": 228,
          "tag": "erauczciwosci"
        },
        {
          "start": 229,
          "end": 233,
          "tag": "ngo"
        },
        {
          "start": 234,
          "end": 238,
          "tag": "fio"
        }
      ]
    },
    "created_at": "2024-03-14T19:46:34.000Z",
    "lang": "pl",
    "edit_history_tweet_ids": [
      "1768363107917631892"
    ],
    "text": "Umowy, które umożliwią wypłatę środków na realizację projektów w ramach rządowych programów @niwcrso już podpisane!\n\nLista ofert przeznaczonych do dofinansowania w ramach FIO zostanie ogłoszona do 22 marca 2024✌️\n\n#erauczciwosci #ngo #fio",
    "edit_controls": {
      "edits_remaining": 5,
      "is_edit_eligible": true,
      "editable_until": "2024-03-14 20:46:34+00:00"
    },
    "context_annotations": [
      {
        "domain": {
          "id": "131",
          "name": "Unified Twitter Taxonomy",
          "description": "A taxonomy of user interests. "
        },
        "entity": {
          "id": "1074751614123008000",
          "name": "Social causes",
          "description": "Social causes"
        }
      }
    ],
    "conversation_id": "1768363107917631892",
    "author_id": "1259144657969328134",
    "public_metrics": {
      "retweet_count": 11,
      "reply_count": 4,
      "like_count": 39,
      "quote_count": 0,
      "bookmark_count": 0,
      "impression_count": 2298
    },
    "possibly_sensitive": false,
    "category": "Original"
  },
  {
    "referenced_tweets": [
      {
        "type": "replied_to",
        "id": "1767897818692305088"
      }
    ],
    "reply_settings": "everyone",
    "id": "1767918598574498064",
    "created_at": "2024-03-13T14:20:14.000Z",
    "in_reply_to_user_id": "1259144657969328134",
    "lang": "zxx",
    "edit_history_tweet_ids": [
      "1767918598574498064"
    ],
    "text": "https://t.co/zCDGjKl453",
    "edit_controls": {
      "edits_remaining": 5,
      "is_edit_eligible": false,
      "editable_until": "2024-03-13 15:20:14+00:00"
    },
    "conversation_id": "1767897818692305088",
    "author_id": "1259144657969328134",
    "public_metrics": {
      "retweet_count": 4,
      "reply_count": 1,
      "like_count": 7,
      "quote_count": 1,
      "bookmark_count": 0,
      "impression_count": 1127
    },
    "entities": {
      "urls": [
        {
          "start": 0,
          "end": 23,
          "url": "https://t.co/zCDGjKl453",
          "expanded_url": "https://www.gov.pl/web/premier/kontrole-2026",
          "display_url": "gov.pl/web/premier/ko…",
          "status": 404,
          "unwound_url": "https://www.gov.pl/web/premier/kontrole-2026"
        }
      ]
    },
    "possibly_sensitive": false,
    "category": "Reply"
  },
  {
    "referenced_tweets": [
      {
        "type": "replied_to",
        "id": "1767899415346307275"
      }
    ],
    "reply_settings": "everyone",
    "id": "1767918413635052011",
    "entities": {
      "mentions": [
        {
          "start": 0,
          "end": 9,
          "username": "NizszyIK",
          "id": "1490024390754512898"
        },
        {
          "start": 10,
          "end": 18,
          "username": "niwcrso",
          "id": "1002259603537702912"
        },
        {
          "start": 76,
          "end": 86,
          "username": "PremierRP",
          "id": "57626153"
        }
      ]
    },
    "created_at": "2024-03-13T14:19:30.000Z",
    "in_reply_to_user_id": "1490024390754512898",
    "lang": "pl",
    "edit_history_tweet_ids": [
      "1767918413635052011"
    ],
    "text": "@NizszyIK @niwcrso Kontrola została przeprowadzona przez Zespół Kontrolny z @PremierRP",
    "edit_controls": {
      "edits_remaining": 5,
      "is_edit_eligible": false,
      "editable_until": "2024-03-13 15:19:30+00:00"
    },
    "conversation_id": "1767897818692305088",
    "author_id": "1259144657969328134",
    "public_metrics": {
      "retweet_count": 0,
      "reply_count": 0,
      "like_count": 0,
      "quote_count": 0,
      "bookmark_count": 0,
      "impression_count": 85
    },
    "possibly_sensitive": false,
    "category": "Reply"
  },
  {
    "reply_settings": "everyone",
    "id": "1767898344783843523",
    "entities": {
      "mentions": [
        {
          "start": 49,
          "end": 57,
          "username": "niwcrso",
          "id": "1002259603537702912"
        }
      ]
    },
    "created_at": "2024-03-13T12:59:46.000Z",
    "lang": "pl",
    "edit_history_tweet_ids": [
      "1767898344783843523"
    ],
    "text": "Wkrótce odbędzie się konkurs na nowego Dyrektora @niwcrso.\nNaszym priorytetem jest przeprowadzenie otwartego konkursu w sposób maksymalnie transparentny i otwarty.",
    "edit_controls": {
      "edits_remaining": 5,
      "is_edit_eligible": true,
      "editable_until": "2024-03-13 13:59:46+00:00"
    },
    "conversation_id": "1767898344783843523",
    "author_id": "1259144657969328134",
    "public_metrics": {
      "retweet_count": 13,
      "reply_count": 4,
      "like_count": 39,
      "quote_count": 1,
      "bookmark_count": 0,
      "impression_count": 2118
    },
    "possibly_sensitive": false,
    "category": "Original"
  },
  {
    "reply_settings": "everyone",
    "id": "1767897818692305088",
    "entities": {
      "mentions": [
        {
          "start": 16,
          "end": 24,
          "username": "niwcrso",
          "id": "1002259603537702912"
        }
      ]
    },
    "created_at": "2024-03-13T12:57:40.000Z",
    "lang": "pl",
    "edit_history_tweet_ids": [
      "1767897818692305088"
    ],
    "text": "Wyniki audytu w @niwcrso ujawniły bardzo poważne nieprawidłowości, co potwierdziło nasze obawy dotyczące nieuczciwych praktyk w obrębie instytucji.",
    "edit_controls": {
      "edits_remaining": 5,
      "is_edit_eligible": false,
      "editable_until": "2024-03-13 13:57:40+00:00"
    },
    "conversation_id": "1767897818692305088",
    "author_id": "1259144657969328134",
    "public_metrics": {
      "retweet_count": 18,
      "reply_count": 12,
      "like_count": 55,
      "quote_count": 0,
      "bookmark_count": 0,
      "impression_count": 3508
    },
    "possibly_sensitive": false,
    "category": "Original"
  },
  {
    "referenced_tweets": [
      {
        "type": "quoted",
        "id": "1766529485631881636"
      }
    ],
    "reply_settings": "everyone",
    "id": "1766561833668804933",
    "created_at": "2024-03-09T20:28:56.000Z",
    "lang": "pl",
    "edit_history_tweet_ids": [
      "1766561833668804933"
    ],
    "text": "Brak słów! Przysłowie: milczenie jest złotem, po wypowiedziach tej pani Poseł nabiera jeszcze większego znaczenia. https://t.co/euGnAC6YkO",
    "edit_controls": {
      "edits_remaining": 5,
      "is_edit_eligible": true,
      "editable_until": "2024-03-09 21:28:56+00:00"
    },
    "conversation_id": "1766561833668804933",
    "author_id": "1259144657969328134",
    "public_metrics": {
      "retweet_count": 24,
      "reply_count": 77,
      "like_count": 321,
      "quote_count": 2,
      "bookmark_count": 2,
      "impression_count": 24622
    },
    "entities": {
      "urls": [
        {
          "start": 115,
          "end": 138,
          "url": "https://t.co/euGnAC6YkO",
          "expanded_url": "https://twitter.com/AM_Zukowska/status/1766529485631881636",
          "display_url": "x.com/AM_Zukowska/st…"
        }
      ]
    },
    "possibly_sensitive": false,
    "category": "Quote"
  },
  {
    "reply_settings": "everyone",
    "id": "1765678981909463240",
    "created_at": "2024-03-07T10:00:48.000Z",
    "lang": "pl",
    "edit_history_tweet_ids": [
      "1765678981909463240"
    ],
    "text": "3/2 Galę transmitowano w TVP1 o 22:10 dnia 04.12.2023 r., a więc w nieatrakcyjnej porze i w barbórkę zamiast w Międzynarodowy Dzień Wolontariatu.",
    "edit_controls": {
      "edits_remaining": 5,
      "is_edit_eligible": true,
      "editable_until": "2024-03-07 11:00:48+00:00"
    },
    "conversation_id": "1765678981909463240",
    "author_id": "1259144657969328134",
    "public_metrics": {
      "retweet_count": 2,
      "reply_count": 1,
      "like_count": 16,
      "quote_count": 0,
      "bookmark_count": 0,
      "impression_count": 2076
    },
    "possibly_sensitive": false,
    "category": "Original"
  },
  {
    "reply_settings": "everyone",
    "id": "1765678771141476481",
    "created_at": "2024-03-07T09:59:58.000Z",
    "lang": "pl",
    "edit_history_tweet_ids": [
      "1765678771141476481"
    ],
    "text": "3/1 NIW wydal na Galę Wolontariatu w TVP 2,6 mln zł. Przypominam, że TVP otrzymywała z budżetu ponad 2 mld rocznie, a w jej zadaniem jest umożliwienie bezpłatnego informowania o działalności pożytku publicznego",
    "edit_controls": {
      "edits_remaining": 5,
      "is_edit_eligible": true,
      "editable_until": "2024-03-07 10:59:58+00:00"
    },
    "conversation_id": "1765678771141476481",
    "author_id": "1259144657969328134",
    "public_metrics": {
      "retweet_count": 3,
      "reply_count": 1,
      "like_count": 18,
      "quote_count": 0,
      "bookmark_count": 2,
      "impression_count": 1318
    },
    "possibly_sensitive": false,
    "category": "Original"
  },
  {
    "reply_settings": "everyone",
    "id": "1765677884067250295",
    "entities": {
      "mentions": [
        {
          "start": 25,
          "end": 29,
          "username": "niw",
          "id": "4212771"
        },
        {
          "start": 80,
          "end": 93,
          "username": "PiotrGlinski",
          "id": "1239047983"
        }
      ]
    },
    "created_at": "2024-03-07T09:56:26.000Z",
    "lang": "pl",
    "edit_history_tweet_ids": [
      "1765677884067250295"
    ],
    "text": "Przez 6 lat działalności @NIW udzielił 6 500 dotacji na kwotę 1,8 mld zł. Poseł @PiotrGlinski zaczął interesować się jego działalnością jak przestał go nadzorować i rozpoczęła się kontrola!",
    "edit_controls": {
      "edits_remaining": 5,
      "is_edit_eligible": true,
      "editable_until": "2024-03-07 10:56:26+00:00"
    },
    "conversation_id": "1765677884067250295",
    "author_id": "1259144657969328134",
    "public_metrics": {
      "retweet_count": 14,
      "reply_count": 2,
      "like_count": 34,
      "quote_count": 0,
      "bookmark_count": 0,
      "impression_count": 1538
    },
    "possibly_sensitive": false,
    "category": "Original"
  },
  {
    "reply_settings": "everyone",
    "id": "1761376601244152264",
    "created_at": "2024-02-24T13:04:41.000Z",
    "lang": "pl",
    "edit_history_tweet_ids": [
      "1761376601244152264"
    ],
    "text": "Polska to jedno wielkie NGO. Tak było 2 lata temu. Chwała bohaterom dzielnie walczącym w Ukrainie. A w uszach dudni: nigdy więcej wojny. https://t.co/uD62KvS2g5",
    "edit_controls": {
      "edits_remaining": 5,
      "is_edit_eligible": true,
      "editable_until": "2024-02-24 14:04:41+00:00"
    },
    "context_annotations": [
      {
        "domain": {
          "id": "47",
          "name": "Brand",
          "description": "Brands and Companies"
        },
        "entity": {
          "id": "1624925732722864129",
          "name": "Temu"
        }
      }
    ],
    "conversation_id": "1761376601244152264",
    "author_id": "1259144657969328134",
    "public_metrics": {
      "retweet_count": 11,
      "reply_count": 2,
      "like_count": 42,
      "quote_count": 0,
      "bookmark_count": 0,
      "impression_count": 2001
    },
    "entities": {
      "urls": [
        {
          "start": 137,
          "end": 160,
          "url": "https://t.co/uD62KvS2g5",
          "expanded_url": "https://x.com/aga_buczynska/status/1761376601244152264/photo/1",
          "display_url": "pic.x.com/uD62KvS2g5",
          "media_key": "3_1761376595388817408"
        }
      ]
    },
    "attachments": {
      "media_keys": [
        "3_1761376595388817408"
      ]
    },
    "possibly_sensitive": false,
    "category": "Original"
  },
  {
    "reply_settings": "everyone",
    "id": "1761376442539995278",
    "created_at": "2024-02-24T13:04:03.000Z",
    "lang": "pl",
    "edit_history_tweet_ids": [
      "1761376442539995278"
    ],
    "text": "Na Kociewskim Forum Animacji nie mogłam nie wspomnieć o konstytucyjnej zasadzie pomocniczości: władzy tyle ile konieczne, wolności ile możliwe. https://t.co/lLkEI4WHkl",
    "edit_controls": {
      "edits_remaining": 5,
      "is_edit_eligible": true,
      "editable_until": "2024-02-24 14:04:03+00:00"
    },
    "conversation_id": "1761376442539995278",
    "author_id": "1259144657969328134",
    "public_metrics": {
      "retweet_count": 0,
      "reply_count": 0,
      "like_count": 3,
      "quote_count": 0,
      "bookmark_count": 0,
      "impression_count": 494
    },
    "entities": {
      "urls": [
        {
          "start": 144,
          "end": 167,
          "url": "https://t.co/lLkEI4WHkl",
          "expanded_url": "https://x.com/aga_buczynska/status/1761376442539995278/photo/1",
          "display_url": "pic.x.com/lLkEI4WHkl",
          "media_key": "3_1761376433539026944"
        }
      ]
    },
    "attachments": {
      "media_keys": [
        "3_1761376433539026944"
      ]
    },
    "possibly_sensitive": false,
    "category": "Original"
  },
  {
    "reply_settings": "everyone",
    "id": "1760650355568730482",
    "entities": {
      "mentions": [
        {
          "start": 113,
          "end": 121,
          "username": "niwcrso",
          "id": "1002259603537702912"
        }
      ],
      "hashtags": [
        {
          "start": 249,
          "end": 262,
          "tag": "trzecisektor"
        }
      ],
      "urls": [
        {
          "start": 263,
          "end": 286,
          "url": "https://t.co/27OmpS7jDa",
          "expanded_url": "https://x.com/aga_buczynska/status/1760650355568730482/photo/1",
          "display_url": "pic.x.com/27OmpS7jDa",
          "media_key": "3_1760650348958515200"
        }
      ]
    },
    "created_at": "2024-02-22T12:58:50.000Z",
    "lang": "pl",
    "edit_history_tweet_ids": [
      "1760650355568730482"
    ],
    "text": "To początek dobrych zmian dla sektora pozarządowego. W dniu dzisiejszym wręczyłam powołania nowemu składowi rady @niwcrso w której to przedstawicielki i przedstawiciele organizacji pozarządowych mają większość. Serdecznie gratuluję. @KomitetPozytku #trzecisektor https://t.co/27OmpS7jDa",
    "edit_controls": {
      "edits_remaining": 5,
      "is_edit_eligible": true,
      "editable_until": "2024-02-22 13:58:50+00:00"
    },
    "conversation_id": "1760650355568730482",
    "author_id": "1259144657969328134",
    "public_metrics": {
      "retweet_count": 11,
      "reply_count": 1,
      "like_count": 48,
      "quote_count": 0,
      "bookmark_count": 0,
      "impression_count": 2161
    },
    "attachments": {
      "media_keys": [
        "3_1760650348958515200"
      ]
    },
    "possibly_sensitive": false,
    "category": "Original"
  },
  {
    "reply_settings": "everyone",
    "id": "1759664200207495210",
    "created_at": "2024-02-19T19:40:12.000Z",
    "lang": "pl",
    "edit_history_tweet_ids": [
      "1759664200207495210"
    ],
    "text": "Panele obywatelskie to praktyka, która powinna być realizowana w całym kraju. Niosą za sobą przejrzystość procesów i sprawczość mieszkańców w sprawach, które przecież dotyczą ich wszystkich, w ich codzienności. Gratulacje dla Rzeszowian i Rzeszowianek.  \n#paneleobywatelskie… https://t.co/6s0C9zwdMq https://t.co/wg0nLdccvy",
    "entities": {
      "hashtags": [
        {
          "start": 255,
          "end": 274,
          "tag": "paneleobywatelskie"
        }
      ],
      "urls": [
        {
          "start": 276,
          "end": 299,
          "url": "https://t.co/6s0C9zwdMq",
          "expanded_url": "https://x.com/i/web/status/1759664200207495210",
          "display_url": "x.com/i/web/status/1…"
        },
        {
          "start": 300,
          "end": 323,
          "url": "https://t.co/wg0nLdccvy",
          "expanded_url": "https://x.com/aga_buczynska/status/1759664200207495210/photo/1",
          "display_url": "pic.x.com/wg0nLdccvy",
          "media_key": "3_1759664192481583105"
        }
      ]
    },
    "edit_controls": {
      "edits_remaining": 5,
      "is_edit_eligible": true,
      "editable_until": "2024-02-19 20:40:12+00:00"
    },
    "conversation_id": "1759664200207495210",
    "author_id": "1259144657969328134",
    "public_metrics": {
      "retweet_count": 15,
      "reply_count": 0,
      "like_count": 52,
      "quote_count": 1,
      "bookmark_count": 0,
      "impression_count": 3121
    },
    "attachments": {
      "media_keys": [
        "3_1759664192481583105"
      ]
    },
    "possibly_sensitive": false,
    "category": "Original"
  },
  {
    "reply_settings": "everyone",
    "id": "1758110568710287775",
    "created_at": "2024-02-15T12:46:38.000Z",
    "lang": "pl",
    "edit_history_tweet_ids": [
      "1758110568710287775"
    ],
    "text": "Mam zaszczyt i przyjemność ogłosić, że reprezentanci organizacji pozarządowych w Radzie NIW zostali wybrani!\nJednocześnie ze swojej puli przekazuje dodatkowe miejsce przedstawicielom organizacji pozarządowych. Strona społeczna po raz pierwszy w historii z większością w Radzie i… https://t.co/QBM9IYCdTK https://t.co/KyAds9Ac3V",
    "edit_controls": {
      "edits_remaining": 5,
      "is_edit_eligible": true,
      "editable_until": "2024-02-15 13:46:38+00:00"
    },
    "conversation_id": "1758110568710287775",
    "author_id": "1259144657969328134",
    "public_metrics": {
      "retweet_count": 26,
      "reply_count": 7,
      "like_count": 80,
      "quote_count": 2,
      "bookmark_count": 0,
      "impression_count": 6536
    },
    "entities": {
      "urls": [
        {
          "start": 280,
          "end": 303,
          "url": "https://t.co/QBM9IYCdTK",
          "expanded_url": "https://x.com/i/web/status/1758110568710287775",
          "display_url": "x.com/i/web/status/1…"
        },
        {
          "start": 304,
          "end": 327,
          "url": "https://t.co/KyAds9Ac3V",
          "expanded_url": "https://x.com/aga_buczynska/status/1758110568710287775/photo/1",
          "display_url": "pic.x.com/KyAds9Ac3V",
          "media_key": "3_1758110561705799680"
        }
      ]
    },
    "attachments": {
      "media_keys": [
        "3_1758110561705799680"
      ]
    },
    "possibly_sensitive": false,
    "category": "Original"
  },
  {
    "reply_settings": "everyone",
    "id": "1756791798716879020",
    "entities": {
      "mentions": [
        {
          "start": 53,
          "end": 68,
          "username": "RadiowaJedynka",
          "id": "992961410"
        }
      ],
      "hashtags": [
        {
          "start": 70,
          "end": 85,
          "tag": "PL2050wMediach"
        }
      ],
      "urls": [
        {
          "start": 86,
          "end": 109,
          "url": "https://t.co/jwTU2MleTD",
          "expanded_url": "https://x.com/aga_buczynska/status/1756791798716879020/photo/1",
          "display_url": "pic.x.com/jwTU2MleTD",
          "media_key": "3_1756791793549443072"
        }
      ]
    },
    "created_at": "2024-02-11T21:26:19.000Z",
    "lang": "pl",
    "edit_history_tweet_ids": [
      "1756791798716879020"
    ],
    "text": "Zapraszamy na jutrzejsze spotkanie medialne o 8:15 w @RadiowaJedynka \n#PL2050wMediach https://t.co/jwTU2MleTD",
    "edit_controls": {
      "edits_remaining": 5,
      "is_edit_eligible": true,
      "editable_until": "2024-02-11 22:26:19+00:00"
    },
    "conversation_id": "1756791798716879020",
    "author_id": "1259144657969328134",
    "public_metrics": {
      "retweet_count": 6,
      "reply_count": 2,
      "like_count": 20,
      "quote_count": 0,
      "bookmark_count": 0,
      "impression_count": 821
    },
    "attachments": {
      "media_keys": [
        "3_1756791793549443072"
      ]
    },
    "possibly_sensitive": false,
    "category": "Original"
  },
  {
    "reply_settings": "everyone",
    "id": "1752792112540606833",
    "created_at": "2024-01-31T20:32:59.000Z",
    "lang": "pl",
    "edit_history_tweet_ids": [
      "1752792112540606833"
    ],
    "text": "Dzień konsultacji ze środowiskiem #ngo dotyczący #korpussolidarnosci. Niezwykle ważne spotkanie, pełne otwartości, zaufania i chęci zmian. Dziękuję za waszą obecność. https://t.co/1nukmPmdiH",
    "entities": {
      "hashtags": [
        {
          "start": 34,
          "end": 38,
          "tag": "ngo"
        },
        {
          "start": 49,
          "end": 68,
          "tag": "korpussolidarnosci"
        }
      ],
      "urls": [
        {
          "start": 167,
          "end": 190,
          "url": "https://t.co/1nukmPmdiH",
          "expanded_url": "https://x.com/aga_buczynska/status/1752792112540606833/photo/1",
          "display_url": "pic.x.com/1nukmPmdiH",
          "media_key": "3_1752792104839827456"
        },
        {
          "start": 167,
          "end": 190,
          "url": "https://t.co/1nukmPmdiH",
          "expanded_url": "https://x.com/aga_buczynska/status/1752792112540606833/photo/1",
          "display_url": "pic.x.com/1nukmPmdiH",
          "media_key": "3_1752792104818929664"
        },
        {
          "start": 167,
          "end": 190,
          "url": "https://t.co/1nukmPmdiH",
          "expanded_url": "https://x.com/aga_buczynska/status/1752792112540606833/photo/1",
          "display_url": "pic.x.com/1nukmPmdiH",
          "media_key": "3_1752792104806318081"
        }
      ]
    },
    "edit_controls": {
      "edits_remaining": 5,
      "is_edit_eligible": true,
      "editable_until": "2024-01-31 21:32:59+00:00"
    },
    "context_annotations": [
      {
        "domain": {
          "id": "131",
          "name": "Unified Twitter Taxonomy",
          "description": "A taxonomy of user interests. "
        },
        "entity": {
          "id": "1074751614123008000",
          "name": "Social causes",
          "description": "Social causes"
        }
      }
    ],
    "conversation_id": "1752792112540606833",
    "author_id": "1259144657969328134",
    "public_metrics": {
      "retweet_count": 15,
      "reply_count": 7,
      "like_count": 61,
      "quote_count": 0,
      "bookmark_count": 0,
      "impression_count": 2227
    },
    "attachments": {
      "media_keys": [
        "3_1752792104839827456",
        "3_1752792104818929664",
        "3_1752792104806318081"
      ]
    },
    "possibly_sensitive": false,
    "category": "Original"
  },
  {
    "reply_settings": "everyone",
    "id": "1752791267182891336",
    "entities": {
      "mentions": [
        {
          "start": 20,
          "end": 31,
          "username": "donaldtusk",
          "id": "375146901"
        }
      ],
      "urls": [
        {
          "start": 99,
          "end": 122,
          "url": "https://t.co/FJGV6Vmb6t",
          "expanded_url": "https://x.com/aga_buczynska/status/1752791267182891336/photo/1",
          "display_url": "pic.x.com/FJGV6Vmb6t",
          "media_key": "3_1752791253337415680"
        }
      ]
    },
    "created_at": "2024-01-31T20:29:38.000Z",
    "lang": "pl",
    "edit_history_tweet_ids": [
      "1752791267182891336"
    ],
    "text": "Dziękuję Premierowi @donaldtusk za powołanie do Komisji Wspólnej Rządu i Samorządu Terytorialnego. https://t.co/FJGV6Vmb6t",
    "edit_controls": {
      "edits_remaining": 5,
      "is_edit_eligible": true,
      "editable_until": "2024-01-31 21:29:38+00:00"
    },
    "context_annotations": [
      {
        "domain": {
          "id": "10",
          "name": "Person",
          "description": "Named people in the world like Nelson Mandela"
        },
        "entity": {
          "id": "847091557232664576",
          "name": "Donald Tusk",
          "description": "Donald Tusk"
        }
      },
      {
        "domain": {
          "id": "35",
          "name": "Politician",
          "description": "Politicians in the world, like Joe Biden"
        },
        "entity": {
          "id": "847091557232664576",
          "name": "Donald Tusk",
          "description": "Donald Tusk"
        }
      },
      {
        "domain": {
          "id": "131",
          "name": "Unified Twitter Taxonomy",
          "description": "A taxonomy of user interests. "
        },
        "entity": {
          "id": "847091557232664576",
          "name": "Donald Tusk",
          "description": "Donald Tusk"
        }
      },
      {
        "domain": {
          "id": "131",
          "name": "Unified Twitter Taxonomy",
          "description": "A taxonomy of user interests. "
        },
        "entity": {
          "id": "847878884917886977",
          "name": "Politics",
          "description": "Politics"
        }
      },
      {
        "domain": {
          "id": "131",
          "name": "Unified Twitter Taxonomy",
          "description": "A taxonomy of user interests. "
        },
        "entity": {
          "id": "1070032753834438656",
          "name": "Political figures",
          "description": "Politician"
        }
      }
    ],
    "conversation_id": "1752791267182891336",
    "author_id": "1259144657969328134",
    "public_metrics": {
      "retweet_count": 19,
      "reply_count": 21,
      "like_count": 124,
      "quote_count": 3,
      "bookmark_count": 0,
      "impression_count": 3544
    },
    "attachments": {
      "media_keys": [
        "3_1752791253337415680"
      ]
    },
    "possibly_sensitive": false,
    "category": "Original"
  },
  {
    "referenced_tweets": [
      {
        "type": "replied_to",
        "id": "1747698948901314951"
      }
    ],
    "reply_settings": "everyone",
    "id": "1747739527995609431",
    "entities": {
      "mentions": [
        {
          "start": 0,
          "end": 14,
          "username": "ZygmuntowskiJ",
          "id": "1113741655260192769"
        },
        {
          "start": 15,
          "end": 26,
          "username": "mk_wronski",
          "id": "3949530761"
        }
      ]
    },
    "created_at": "2024-01-17T21:55:49.000Z",
    "in_reply_to_user_id": "1113741655260192769",
    "lang": "pl",
    "edit_history_tweet_ids": [
      "1747739527995609431"
    ],
    "text": "@ZygmuntowskiJ @mk_wronski Ogłoszenie naboru było 4.01",
    "edit_controls": {
      "edits_remaining": 5,
      "is_edit_eligible": false,
      "editable_until": "2024-01-17 22:55:49+00:00"
    },
    "conversation_id": "1747663392360300787",
    "author_id": "1259144657969328134",
    "public_metrics": {
      "retweet_count": 0,
      "reply_count": 1,
      "like_count": 1,
      "quote_count": 0,
      "bookmark_count": 0,
      "impression_count": 120
    },
    "possibly_sensitive": false,
    "category": "Reply"
  },
  {
    "reply_settings": "everyone",
    "id": "1746868713754607784",
    "created_at": "2024-01-15T12:15:31.000Z",
    "lang": "pl",
    "edit_history_tweet_ids": [
      "1746868713754607784"
    ],
    "text": "W dniu dzisiejszym w trybie nadzoru podjęłam decyzję o wstrzymaniu paneli eksperckich w ramach konkursu PROO w Narodowym Instytucie Wolności. Wszczynamy procedury kontrolne i czekamy na wyniki prowadzonych już postępowań. Jednocześnie chciałabym uspokoić wszystkie organizacje… https://t.co/0bKcCGDeJh",
    "edit_controls": {
      "edits_remaining": 5,
      "is_edit_eligible": true,
      "editable_until": "2024-01-15 13:15:31+00:00"
    },
    "conversation_id": "1746868713754607784",
    "author_id": "1259144657969328134",
    "public_metrics": {
      "retweet_count": 33,
      "reply_count": 18,
      "like_count": 160,
      "quote_count": 3,
      "bookmark_count": 1,
      "impression_count": 11007
    },
    "entities": {
      "urls": [
        {
          "start": 278,
          "end": 301,
          "url": "https://t.co/0bKcCGDeJh",
          "expanded_url": "https://x.com/i/web/status/1746868713754607784",
          "display_url": "x.com/i/web/status/1…"
        }
      ]
    },
    "possibly_sensitive": false,
    "category": "Original"
  },
  {
    "reply_settings": "everyone",
    "id": "1740104213189759018",
    "entities": {
      "mentions": [
        {
          "start": 89,
          "end": 97,
          "username": "PL_2050",
          "id": "1295647949238697987"
        }
      ]
    },
    "created_at": "2023-12-27T20:15:48.000Z",
    "lang": "pl",
    "edit_history_tweet_ids": [
      "1740103608228532391",
      "1740104213189759018"
    ],
    "text": "Nie ma wątpliwości, że potrzeba reformy Funduszu Kościelnego. Będę reprezentować drużynę @PL_2050 w nowo powstałym zespole . Od samego początku jako Polska 2050 mamy w tym zakresie wiele dobrych rozwiązań tj. finansowanie z dobrowolnych odpisów podatkowych.",
    "edit_controls": {
      "edits_remaining": 4,
      "is_edit_eligible": true,
      "editable_until": "2023-12-27 21:13:24+00:00"
    },
    "conversation_id": "1740104213189759018",
    "author_id": "1259144657969328134",
    "public_metrics": {
      "retweet_count": 54,
      "reply_count": 47,
      "like_count": 281,
      "quote_count": 5,
      "bookmark_count": 2,
      "impression_count": 11751
    },
    "possibly_sensitive": false,
    "category": "Original"
  },
  {
    "reply_settings": "everyone",
    "id": "1724070970007150945",
    "entities": {
      "mentions": [
        {
          "start": 32,
          "end": 48,
          "username": "szymon_holownia",
          "id": "1193947151971311618"
        }
      ],
      "urls": [
        {
          "start": 120,
          "end": 143,
          "url": "https://t.co/DRbrfmQXBh",
          "expanded_url": "https://x.com/aga_buczynska/status/1724070970007150945/photo/1",
          "display_url": "pic.x.com/DRbrfmQXBh",
          "media_key": "3_1724070953527701504"
        },
        {
          "start": 120,
          "end": 143,
          "url": "https://t.co/DRbrfmQXBh",
          "expanded_url": "https://x.com/aga_buczynska/status/1724070970007150945/photo/1",
          "display_url": "pic.x.com/DRbrfmQXBh",
          "media_key": "3_1724070953531944960"
        }
      ]
    },
    "created_at": "2023-11-13T14:25:25.000Z",
    "lang": "pl",
    "edit_history_tweet_ids": [
      "1724070970007150945"
    ],
    "text": "Stało się. Marszałkiem Sejmu RP @szymon_holownia Najlepszy z możliwych. \n„Polityka to nie przemoc, polityka to troska”. https://t.co/DRbrfmQXBh",
    "edit_controls": {
      "edits_remaining": 5,
      "is_edit_eligible": true,
      "editable_until": "2023-11-13 15:25:25+00:00"
    },
    "conversation_id": "1724070970007150945",
    "author_id": "1259144657969328134",
    "public_metrics": {
      "retweet_count": 30,
      "reply_count": 15,
      "like_count": 228,
      "quote_count": 1,
      "bookmark_count": 0,
      "impression_count": 4933
    },
    "attachments": {
      "media_keys": [
        "3_1724070953527701504",
        "3_1724070953531944960"
      ]
    },
    "possibly_sensitive": false,
    "category": "Original"
  },
  {
    "reply_settings": "everyone",
    "id": "1721635835655647729",
    "entities": {
      "mentions": [
        {
          "start": 34,
          "end": 48,
          "username": "KaziSmolinski",
          "id": "819102072993939456"
        },
        {
          "start": 72,
          "end": 81,
          "username": "pisorgpl",
          "id": "15877628"
        },
        {
          "start": 241,
          "end": 253,
          "username": "AndrzejDuda",
          "id": "202086424"
        }
      ],
      "urls": [
        {
          "start": 277,
          "end": 300,
          "url": "https://t.co/KWZFDeOjc6",
          "expanded_url": "https://x.com/i/web/status/1721635835655647729",
          "display_url": "x.com/i/web/status/1…"
        },
        {
          "start": 301,
          "end": 324,
          "url": "https://t.co/fVwFyETMVc",
          "expanded_url": "https://x.com/aga_buczynska/status/1721635835655647729/photo/1",
          "display_url": "pic.x.com/fVwFyETMVc",
          "media_key": "3_1721635829804658688"
        }
      ]
    },
    "created_at": "2023-11-06T21:09:04.000Z",
    "lang": "pl",
    "edit_history_tweet_ids": [
      "1721635835655647729"
    ],
    "text": "Chcemy rozmawiać, ale nie z Wami  @KaziSmolinski ! Wiemy, co robiliście @pisorgpl przez 8 LAT. \n🇵🇱Polacy sami w wyborach doprowadzili do pokojowej zmiany. I pokazują, że chcą rządów współpracy nowej sceny politycznej. To WSTYD, że Prezydent @AndrzejDuda marnuje czas Polaków,… https://t.co/KWZFDeOjc6 https://t.co/fVwFyETMVc",
    "edit_controls": {
      "edits_remaining": 5,
      "is_edit_eligible": true,
      "editable_until": "2023-11-06 22:09:04+00:00"
    },
    "context_annotations": [
      {
        "domain": {
          "id": "10",
          "name": "Person",
          "description": "Named people in the world like Nelson Mandela"
        },
        "entity": {
          "id": "907614362478690309",
          "name": "Andrzej Duda",
          "description": "President of Poland Andrzej Duda"
        }
      },
      {
        "domain": {
          "id": "35",
          "name": "Politician",
          "description": "Politicians in the world, like Joe Biden"
        },
        "entity": {
          "id": "907614362478690309",
          "name": "Andrzej Duda",
          "description": "President of Poland Andrzej Duda"
        }
      },
      {
        "domain": {
          "id": "131",
          "name": "Unified Twitter Taxonomy",
          "description": "A taxonomy of user interests. "
        },
        "entity": {
          "id": "847878884917886977",
          "name": "Politics",
          "description": "Politics"
        }
      },
      {
        "domain": {
          "id": "131",
          "name": "Unified Twitter Taxonomy",
          "description": "A taxonomy of user interests. "
        },
        "entity": {
          "id": "907614362478690309",
          "name": "Andrzej Duda",
          "description": "President of Poland Andrzej Duda"
        }
      },
      {
        "domain": {
          "id": "131",
          "name": "Unified Twitter Taxonomy",
          "description": "A taxonomy of user interests. "
        },
        "entity": {
          "id": "1070032753834438656",
          "name": "Political figures",
          "description": "Politician"
        }
      }
    ],
    "conversation_id": "1721635835655647729",
    "author_id": "1259144657969328134",
    "public_metrics": {
      "retweet_count": 29,
      "reply_count": 17,
      "like_count": 166,
      "quote_count": 0,
      "bookmark_count": 1,
      "impression_count": 9360
    },
    "attachments": {
      "media_keys": [
        "3_1721635829804658688"
      ]
    },
    "possibly_sensitive": false,
    "category": "Original"
  },
  {
    "reply_settings": "everyone",
    "id": "1714034771314024550",
    "entities": {
      "mentions": [
        {
          "start": 147,
          "end": 155,
          "username": "PL_2050",
          "id": "1295647949238697987"
        }
      ],
      "hashtags": [
        {
          "start": 89,
          "end": 102,
          "tag": "trzeciadroga"
        }
      ],
      "urls": [
        {
          "start": 283,
          "end": 306,
          "url": "https://t.co/3PGQKG1q65",
          "expanded_url": "https://x.com/i/web/status/1714034771314024550",
          "display_url": "x.com/i/web/status/1…"
        }
      ]
    },
    "created_at": "2023-10-16T21:45:09.000Z",
    "lang": "pl",
    "edit_history_tweet_ids": [
      "1714034771314024550"
    ],
    "text": "3️⃣5️⃣2️⃣1️⃣3️⃣❗️ Ta liczba zostanie ze mną. Szanowni Państwo, otrzymałam pierwszy wynik #trzeciadroga i mandat poselski w okręgu nr 25 z ramienia @PL_2050. Cudowna frekwencja, nasz komitet uzyskał aż 14,7% głosów. \n\nJestem „dowodem” na to, że inna polityka jest możliwa. Nigdy nie… https://t.co/3PGQKG1q65",
    "edit_controls": {
      "edits_remaining": 5,
      "is_edit_eligible": true,
      "editable_until": "2023-10-16 22:45:09+00:00"
    },
    "conversation_id": "1714034771314024550",
    "author_id": "1259144657969328134",
    "public_metrics": {
      "retweet_count": 49,
      "reply_count": 51,
      "like_count": 377,
      "quote_count": 3,
      "bookmark_count": 2,
      "impression_count": 32442
    },
    "possibly_sensitive": false,
    "category": "Original"
  },
  {
    "conversation_id": "1714034771314024550",
    "reply_settings": "everyone",
    "entities": {
      "urls": [
        {
          "start": 283,
          "end": 306,
          "url": "https://t.co/3PGQKG1q65",
          "expanded_url": "https://x.com/i/web/status/1714034771314024550",
          "display_url": "x.com/i/web/status/1…"
        }
      ],
      "hashtags": [
        {
          "start": 89,
          "end": 102,
          "tag": "trzeciadroga"
        }
      ],
      "mentions": [
        {
          "start": 147,
          "end": 155,
          "username": "PL_2050",
          "id": "1295647949238697987"
        }
      ]
    },
    "possibly_sensitive": false,
    "text": "3️⃣5️⃣2️⃣1️⃣3️⃣❗️ Ta liczba zostanie ze mną. Szanowni Państwo, otrzymałam pierwszy wynik #trzeciadroga i mandat poselski w okręgu nr 25 z ramienia @PL_2050. Cudowna frekwencja, nasz komitet uzyskał aż 14,7% głosów. \n\nJestem „dowodem” na to, że inna polityka jest możliwa. Nigdy nie… https://t.co/3PGQKG1q65",
    "public_metrics": {
      "retweet_count": 49,
      "reply_count": 51,
      "like_count": 377,
      "quote_count": 3,
      "bookmark_count": 2,
      "impression_count": 32443
    },
    "lang": "pl",
    "id": "1714034771314024550",
    "edit_history_tweet_ids": [
      "1714034771314024550"
    ],
    "edit_controls": {
      "edits_remaining": 5,
      "is_edit_eligible": true,
      "editable_until": "2023-10-16 22:45:09+00:00"
    },
    "created_at": "2023-10-16T21:45:09.000Z",
    "author_id": "1259144657969328134",
    "category": "Original"
  }
]