[
  {
    "edit_history_tweet_ids": [
      "1876701880803295484"
    ],
    "created_at": "2025-01-07T18:46:10.000Z",
    "id": "1876701880803295484",
    "text": "Oj tam,oj tam, dasz radę #KruluEU💪 https://t.co/B5Ls7gESty",
    "category": "Original"
  },
  {
    "edit_history_tweet_ids": [
      "1874210784496250987"
    ],
    "created_at": "2024-12-31T21:47:26.000Z",
    "id": "1874210784496250987",
    "text": "„Czy wolno nam o Panie zwątpić w miłość Twoją? #JP2”Wszystkiego najlepszego w Nowym Roku!😊 https://t.co/rgXsNBOe5w",
    "category": "Original"
  },
  {
    "edit_history_tweet_ids": [
      "1874136709572813245"
    ],
    "created_at": "2024-12-31T16:53:05.000Z",
    "id": "1874136709572813245",
    "text": "Jak to kto? Ten sam „wybitny”😂sztabowiec który wymyślił\n (ku zdumieniu samego Rafaua) wujka od kolędy.🤷‍♂️ #SławomirOpiłuje  KatolikówNitras. https://t.co/ITv10dzupI",
    "category": "Original"
  },
  {
    "edit_history_tweet_ids": [
      "1873319684566900987"
    ],
    "created_at": "2024-12-29T10:46:32.000Z",
    "id": "1873319684566900987",
    "text": "Dziś rolę Palikota u boku Tuska pełni Giertych. Błazny się zmieniają ale chory z nienawiści satrapa ten sam. 🤷‍♂️ https://t.co/rVlNqPg6eX",
    "category": "Original"
  },
  {
    "edit_history_tweet_ids": [
      "1873101442036420911",
      "1873103091614269692"
    ],
    "created_at": "2024-12-28T20:25:52.000Z",
    "id": "1873103091614269692",
    "text": "Od takiej lektury „miłośnikom” i „hunwejbinom” Giertycha na X, może się w głowach kisiel zrobić 😱 https://t.co/CQhOW6RO0t",
    "category": "Original"
  },
  {
    "edit_history_tweet_ids": [
      "1872958469894225954"
    ],
    "created_at": "2024-12-28T10:51:11.000Z",
    "id": "1872958469894225954",
    "text": "Jak „czopkując” Rafałowi, można zrobić z siebie pajaca wie najlepiej , @SlawomirNitras i @GiertychRoman. Nawet TVN wytknął im, że są granice kłamstwa i manipulacji. A sam Trzaskowski odciął się od ich konfabulacji. 😂 https://t.co/syDX9wubJt",
    "category": "Original"
  },
  {
    "edit_history_tweet_ids": [
      "1872906997235879941"
    ],
    "created_at": "2024-12-28T07:26:39.000Z",
    "id": "1872906997235879941",
    "text": "Tak, tak @GiertychRoman to niezwykle ekscytujące, cieszę się pana radością z umiejętności wywoływania „gó..o burzy” na X. Ale czy byłby pan uprzejmy i podzielił się z nami co na akcję wjazdu policji i prokuratury do klasztoru Dominikanów ma do powiedzenia pana \nstryj, wpływowy… https://t.co/NTV0GuHf3s",
    "category": "Original"
  },
  {
    "edit_history_tweet_ids": [
      "1872556927089025507"
    ],
    "created_at": "2024-12-27T08:15:36.000Z",
    "id": "1872556927089025507",
    "text": "Wystarczyło przypomnieć na X osobę wspieraną przez Trzaskowskiego, Jolantę Lange, podejrzewaną o współudział w zabójstwie ks. Blachnickiego a na pomoc biegnie mu Giertych strasząc mnie swoim zespołem. Ułatwię panu zadanie panie Gaweł tzn. panie Giertych, moj pozew wobec GW za ich… https://t.co/UrFA9xqC3w https://t.co/knzxYST5WG https://t.co/x1LoY2Q6L5",
    "category": "Original"
  },
  {
    "edit_history_tweet_ids": [
      "1872395168579780806",
      "1872396111345856764",
      "1872397068326584585"
    ],
    "created_at": "2024-12-26T21:40:23.000Z",
    "id": "1872397068326584585",
    "text": "Sławuś, ja czytam książki od 5 roku życia. Ty jak rozumiem namiętnie czytasz Czuchnowskiego i GW.🤷‍♂️Ale tak czy siak Wesołych Świąt Bożego Narodzenia Ci, życzę. Nie dacie rady z Rafałem i Jalantą Lange zmienić Bożego Narodzenia w „magiczny czas”. Twoja „piła” też nie pomoże. A… https://t.co/os8BCJ2bH5 https://t.co/OwiPqcGNQr",
    "category": "Original"
  },
  {
    "edit_history_tweet_ids": [
      "1872390398892773716"
    ],
    "created_at": "2024-12-26T21:13:53.000Z",
    "id": "1872390398892773716",
    "text": "Znam, ale równie pięknie jak nasi sąsiedzi z Podhala śpiewają „nase Chodocki i Dziopki”❤️😊👍. https://t.co/Z9vUO9P9OT https://t.co/kGkXxXJ7DJ",
    "category": "Original"
  },
  {
    "edit_history_tweet_ids": [
      "1872387579888480734"
    ],
    "created_at": "2024-12-26T21:02:40.000Z",
    "id": "1872387579888480734",
    "text": "Czy wiadomo już kiedy (po międzynarodowym sukcesie #MalaArmiaJanosika,) sztab Trzaskowskiego zorganizuje wspólne śpiewanie kolęd  w ratuszu?Przecież to nieprawda, że za jego rządów, nigdy w Warszawie nie było życzeń i wystroju z okazji Bożego Narodzenia, tylko zawsze z powodu… https://t.co/2TNCGZDwGd",
    "category": "Original"
  },
  {
    "edit_history_tweet_ids": [
      "1871514602929803524"
    ],
    "created_at": "2024-12-24T11:13:47.000Z",
    "id": "1871514602929803524",
    "text": "Życzę Państwu błogosławionych Świąt Bożego Narodzenia, pełnych radości i spokoju, spędzonych w gronie najbliższych w atmosferze ciepła i życzliwości.\n\nNiech magia tego czasu wypełni serca nadzieją, harmonią i miłością, a #NowyRok 2025 przyniesie wszelką pomyślność, zdrowie oraz… https://t.co/zFKEnIFrVG https://t.co/v9jbllitUT",
    "category": "Original"
  },
  {
    "edit_history_tweet_ids": [
      "1871330124811178102"
    ],
    "created_at": "2024-12-23T23:00:44.000Z",
    "id": "1871330124811178102",
    "text": "Jeżeli Pawłowi za polubienie wpisu, pokazującym prawdziwe wydarzenia z udziałem nielegalnych migrantów ma grozić 3 lata więzienia, to na ile lat do więzienia wg Hołowni powinien trafić Piotr Zgorzelski z PSL, za  nazwanie tych samych nielegalnych migrantów: bydlakami? 🤔 https://t.co/qsUt0habeu",
    "category": "Original"
  },
  {
    "edit_history_tweet_ids": [
      "1871327487394775075"
    ],
    "created_at": "2024-12-23T22:50:15.000Z",
    "id": "1871327487394775075",
    "text": "W sumie to dobry znak, pamiętacie jak balowali z Komorowskim w 2015r? Pamiętacie Michnika który mówił o pijanej zakonnicy w ciąży na pasach? Dzisiaj nerwy mu puszczają,ale trudno mu się dziwić, kiedyś miał do kielicha Urbana i razem z nim Monikę Olejnik podwozili a dziś jego… https://t.co/3ssgCarBdH https://t.co/PtfXYvg3vQ",
    "category": "Original"
  },
  {
    "edit_history_tweet_ids": [
      "1871315487138656694"
    ],
    "created_at": "2024-12-23T22:02:34.000Z",
    "id": "1871315487138656694",
    "text": "2) polecam😊👍 https://t.co/CJQZg81qCq",
    "category": "Original"
  },
  {
    "edit_history_tweet_ids": [
      "1871315165280698847"
    ],
    "created_at": "2024-12-23T22:01:17.000Z",
    "id": "1871315165280698847",
    "text": "1) Gdyby ktoś z Was szukał przepisu na wigilijnego śledzia to…. https://t.co/XADTFZsHVX",
    "category": "Original"
  },
  {
    "edit_history_tweet_ids": [
      "1869508682255384774"
    ],
    "created_at": "2024-12-18T22:22:58.000Z",
    "id": "1869508682255384774",
    "text": "Dzisiaj w Niemczech żaden z polityków nie narzeka już na polskich wojewodów. O agendę niemiecką dba przecież #krulEu, ten sam którego na stanowiło premiera rekomendowała sama ⁦@vonderleyen⁩ 🤷‍♂️ https://t.co/kpBwOes4pr",
    "category": "Original"
  },
  {
    "edit_history_tweet_ids": [
      "1868991258749772076"
    ],
    "created_at": "2024-12-17T12:06:54.000Z",
    "id": "1868991258749772076",
    "text": "„Zdecydowana większość moich przedmówców wyrażała swoje zadowolenie i radość z upadku reżimu Assada w Syrii.\n \nOczywiście, każdy upadek krwawego dyktatora powinien przynieść ulgę i radość.\n \nPosłużę się tutaj słowami jednego z kapłanów kościołów chrześcijańskich, księdza kościoła… https://t.co/79DJtvwpN0 https://t.co/IEF1iKSVaU",
    "category": "Original"
  },
  {
    "edit_history_tweet_ids": [
      "1868987591598428557"
    ],
    "created_at": "2024-12-17T11:52:20.000Z",
    "id": "1868987591598428557",
    "text": "„Oby upadek Assada nie był początkiem końca chrześcijaństwa w Syrii! Oby ta naiwność, która również wybrzmiewa tutaj w wystąpieniach przedstawicieli lewej strony, naiwność, która towarzyszyła tym wszystkim, kiedy była arabska wiosna, że oto zawita demokracja do państw Bliskiego… https://t.co/wBrnz6yKCG https://t.co/DIBuVs88lZ",
    "category": "Original"
  },
  {
    "edit_history_tweet_ids": [
      "1868971821933965375"
    ],
    "created_at": "2024-12-17T10:49:40.000Z",
    "id": "1868971821933965375",
    "text": "„Zdecydowana większość moich przedmówców wyrażała swoje zadowolenie i radość z upadku reżimu #Assad w Syrii.\n \nOczywiście, każdy upadek krwawego dyktatora powinien przynieść ulgę i radość.”\n \n➡️ #Debata - Obalenie reżimu syryjskiego, jego skutki geopolityczne i sytuacja… https://t.co/fQOF0nROuJ https://t.co/8F0Xu71TKq",
    "category": "Original"
  },
  {
    "edit_history_tweet_ids": [
      "1867950744780841207",
      "1867950898036527148"
    ],
    "created_at": "2024-12-14T15:12:53.000Z",
    "id": "1867950898036527148",
    "text": "Władysław Dajczak @DajczakW - jeden z najskuteczniejszych wojewodów w rządzie @pisorgpl mówił jak ważna jest sprawna administracja rządowa w terenie. Województwo #Lubuskie w ostatnich latach zmagało się z wieloma problemami, które https://t.co/LGE6rwdiTF. dzięki @DajczakW zostały… https://t.co/yF0xsIzCsi https://t.co/dXXJ25C8w2",
    "category": "Original"
  },
  {
    "edit_history_tweet_ids": [
      "1867932680119013468"
    ],
    "created_at": "2024-12-14T14:00:30.000Z",
    "id": "1867932680119013468",
    "text": "Jeden z najbardziej pracowitych i skutecznych posłów do PE 🇵🇱🇪🇺@Bogdan_Rzonca mówił jak ważne jest wsparcie finansowe dla instytucji dbających o bezpieczeństwo Polski i Unii Europejskiej. \n\nKonferencja „#BezpiecznaPolska, to bezpieczna Europa. Ochrona granic wewnętrznych i… https://t.co/Gvp4v3CQ9M https://t.co/T0IN6qTPNG",
    "category": "Original"
  },
  {
    "edit_history_tweet_ids": [
      "1867928039570522356",
      "1867928273780351111"
    ],
    "created_at": "2024-12-14T13:42:59.000Z",
    "id": "1867928273780351111",
    "text": "Dla rządu Prawa i Sprawiedliwości @pisorgpl sprawna i skuteczna administracja była jednym z priorytetów - o tym mówił Paweł Szefernaker @szefernaker, który nadzorował polską administrację rządową w terenie. \n\n„#Bezpieczeństwo nie jest wszystkim, lecz bez bezpieczeństwa wszystko… https://t.co/xxRrD1WxzD https://t.co/H09MwWOqJ0",
    "category": "Original"
  },
  {
    "edit_history_tweet_ids": [
      "1867918109446689174"
    ],
    "created_at": "2024-12-14T13:02:36.000Z",
    "id": "1867918109446689174",
    "text": "Ponad 200 osób uczestniczy w konferencji „#BezpiecznaPolska, to #bezpiecznaEuropa. Ochrona granic wewnętrznych i zewnętrznych Unii Europejskiej 🇵🇱🇪🇺.” Rozmawiamy w #GorzówWielkopolski o naszym bezpieczeństwie, dziękuję znakomitemu prawnikowi panu posłowi Markowi Astowi @marek_ast… https://t.co/EXMoKX5OIo https://t.co/13a1GW3d51",
    "category": "Original"
  },
  {
    "edit_history_tweet_ids": [
      "1867915525780820419"
    ],
    "created_at": "2024-12-14T12:52:20.000Z",
    "id": "1867915525780820419",
    "text": "Mariusz Kamiński @Kaminski_M_ podczas konferencji @ecrgroup przypomniał o skutecznych działaniach rządu @pisorgpl dot. ochrony naszej wschodniej granicy. Działania, które wtedy były dezawuowane, zapewniły Polakom #bezpieczeństwo. https://t.co/YK7R5rR1tc",
    "category": "Original"
  },
  {
    "edit_history_tweet_ids": [
      "1867914567155957978"
    ],
    "created_at": "2024-12-14T12:48:31.000Z",
    "id": "1867914567155957978",
    "text": "Do uczestników konferencji @ecrgroup „#BezpiecznaPolska, to #bezpiecznaEuropa. Ochrona granic wewnętrznych i zewnętrznych Unii Europejskiej 🇵🇱🇪🇺” list skierował prezes @pisorgpl Jarosław Kaczyński @OficjalnyJK https://t.co/7j4P5gQffa",
    "category": "Original"
  },
  {
    "edit_history_tweet_ids": [
      "1867895488625689047"
    ],
    "created_at": "2024-12-14T11:32:42.000Z",
    "id": "1867895488625689047",
    "text": "Za chwilę zaczynamy konferencję @ecrgroup „#BezpiecznaPolska, to #bezpiecznaEuropa. Ochrona granic wewnętrznych i zewnętrznych Unii Europejskiej 🇵🇱🇪🇺.”\n\nWśród prelegentów będą https://t.co/LGE6rwdiTF.: posłowie do Parlamentu Europejskiego - Mariusz Kamiński @Kaminski_M_ , Bogdan… https://t.co/tbUyWoOObr https://t.co/5XOOwyxg6d",
    "category": "Original"
  },
  {
    "edit_history_tweet_ids": [
      "1867209615009583159",
      "1867210011786502180"
    ],
    "created_at": "2024-12-12T14:08:52.000Z",
    "id": "1867210011786502180",
    "text": "Oczekuję od sztabu Trzaskowskiego pełnej współpracy z posłem Jozefaciukiem i szeptuchą z Polesia, w sprawie rewelacji pana Nitrasa. Istnieje bardzo dużo przesłanek, że ten sztabowiec Trzaskowskiego powinien szybko poddać się zabiegowi świecowania ucha bo nic innego mu już pomoc… https://t.co/7GbHCdQoXU https://t.co/K7TuhMRz2D",
    "category": "Original"
  },
  {
    "edit_history_tweet_ids": [
      "1866934885971075356"
    ],
    "created_at": "2024-12-11T19:55:37.000Z",
    "id": "1866934885971075356",
    "text": "Tak dla ścisłości to dla ciebie Pan Jojo. A co do dziadka Pawła Szefernakera to był żołnierzem KEDYW-u Armii Krajowej. https://t.co/eka33wx5wZ",
    "category": "Original"
  },
  {
    "edit_history_tweet_ids": [
      "1866928281456615915"
    ],
    "created_at": "2024-12-11T19:29:22.000Z",
    "id": "1866928281456615915",
    "text": "Sądząc po reakcjach „kolezanek” z mainstreamowych mediów bardzo dobra decyzja 👍#DruzynaNawrockiego 🇵🇱 https://t.co/MXU9hpdTUA",
    "category": "Original"
  },
  {
    "edit_history_tweet_ids": [
      "1866927460044116221"
    ],
    "created_at": "2024-12-11T19:26:06.000Z",
    "id": "1866927460044116221",
    "text": "Dziennikarka która porównuje inną dziennikarkę do rekwizytu. Fajna jest ta „uśmiechnięta” mainstreamowa Polska. 🤷‍♂️ https://t.co/WgqMk7BT4A",
    "category": "Original"
  },
  {
    "edit_history_tweet_ids": [
      "1866845282702688455"
    ],
    "created_at": "2024-12-11T13:59:34.000Z",
    "id": "1866845282702688455",
    "text": "Dla Tuska ważniejsze od rozwoju polskich portów jest zapewniać „Perfekcyjnej pani domu” i 6O-letniemu Kubusiowi komfortu pracy za setki  tys. zlotych rocznie. Gwiazdki TVN-u nie dosyć,że „czopkują” PO to na dodatek nie zagrażają niemieckiej gospodarce🤷‍♂️ https://t.co/8BzVgckbv1",
    "category": "Original"
  },
  {
    "edit_history_tweet_ids": [
      "1866798466967413046"
    ],
    "created_at": "2024-12-11T10:53:32.000Z",
    "id": "1866798466967413046",
    "text": "#Warszawa #DniStudyjne ⁦@ecrgroup⁩,panel: Twierdza Europa: ochrona granic zewnętrznych w kontakscie wykorzystywania migracji jako broni i rosnącej presji migracyjnej. ⁦@Kaminski_M_⁩ ⁦⁩ ⁦@StZaryn⁩ @NProcaccini⁩⁦ @RihardsKols⁩ ⁦@SebastianTyne⁩ https://t.co/r8BLgPu1wo",
    "category": "Original"
  },
  {
    "edit_history_tweet_ids": [
      "1866495561547100200"
    ],
    "created_at": "2024-12-10T14:49:54.000Z",
    "id": "1866495561547100200",
    "text": "Wiceminister obrony w rządzie Tuska dorabia w #Sokzburaka? Jaki pan taki burak🤷‍♂️ https://t.co/aMiNekOXAF",
    "category": "Original"
  },
  {
    "edit_history_tweet_ids": [
      "1865842179085607012"
    ],
    "created_at": "2024-12-08T19:33:35.000Z",
    "id": "1865842179085607012",
    "text": "Różne Tomczyki i ich trolle zaczepiają mnie od wczoraj powielając kłamstwa  Czuchnowskiego. Odwagi napiszcie pod nazwiskiem, że PHH sfinansował i wyremontował mi mieszkanie, chętnie was dołączę do tego pozwu. Będziecie mogli na rozprawie zapoznać się z fakturami i rachunkami za… https://t.co/2R8xPme5fi https://t.co/V97Usu7SY5",
    "category": "Original"
  },
  {
    "edit_history_tweet_ids": [
      "1865831648081883591"
    ],
    "created_at": "2024-12-08T18:51:45.000Z",
    "id": "1865831648081883591",
    "text": "Rafał Trzaskowski mówi wprost jego droga do Pałacu Prezydenckiego ma prowadzić przez Polskę powiatową. Zabierze Żebrowskiego i  Hołdysa na wycieczkę i pokaże im jak wygląda Polska https://t.co/Xq5l1cb1rDże  obieca mieszkańcom Polski powiatowej strefy relaksu z… https://t.co/wrDi82WwyC",
    "category": "Original"
  },
  {
    "edit_history_tweet_ids": [
      "1865485608224801192"
    ],
    "created_at": "2024-12-07T19:56:42.000Z",
    "id": "1865485608224801192",
    "text": "Tak nieskromnie się pochwalę, to ja wtedy podałem tablet @OficjalnyJK z propozycją odpowiedzi na bredzenie Timmermansa o braku praworządności w Polsce. 😊 #ListKozakowdoSułtana https://t.co/08xBCr9BHh",
    "category": "Original"
  },
  {
    "edit_history_tweet_ids": [
      "1865423539685220609"
    ],
    "created_at": "2024-12-07T15:50:04.000Z",
    "id": "1865423539685220609",
    "text": "Być może to jeden z tych uśmiechniętych,  któremu przywrócono resortową emeryturę 🤔skoro tak go flagi Solidarności rozjuszyły ? https://t.co/YUWa0h4lqO",
    "category": "Original"
  },
  {
    "edit_history_tweet_ids": [
      "1865413817959657552"
    ],
    "created_at": "2024-12-07T15:11:26.000Z",
    "id": "1865413817959657552",
    "text": "Kierownika zabolało😂 Nie dosyć, że wywalił kilka baniek na niemrawy spęd wszelkiej maści urzędników i samorządowców PO, to jeszcze @OficjalnyJK (bezkosztowo) celnie i boleśnie go wypunktował. 😊 https://t.co/QQfBsIOI2Z",
    "category": "Original"
  },
  {
    "edit_history_tweet_ids": [
      "1865407833195299009",
      "1865408140742709306"
    ],
    "created_at": "2024-12-07T14:48:53.000Z",
    "id": "1865408140742709306",
    "text": "W dniu w którym   @OficjalnyJK z @radekfogiel i @szefernaker bezkosztowo przykryli Dupiarzowi  imprezę za 7 baniek😂 nie mogło nas zabraknąć z @mblaszczak na Nowogrodzkiej https://t.co/isuKKCJ7hn",
    "category": "Original"
  },
  {
    "edit_history_tweet_ids": [
      "1865379994303664144"
    ],
    "created_at": "2024-12-07T12:57:02.000Z",
    "id": "1865379994303664144",
    "text": "My też wierzymy Rafale👍😊 https://t.co/A9UERZtoZu",
    "category": "Original"
  },
  {
    "edit_history_tweet_ids": [
      "1865376151536902430",
      "1865377198883963024"
    ],
    "created_at": "2024-12-07T12:45:55.000Z",
    "id": "1865377198883963024",
    "text": "Widzieliście to? 😊Cala młodzieżówka PO i ludzie którzy siedzieli  za nim zaraz po jego wystąpieniu dali w długą tak ,że Rafał zdezorientowany zwrócił się do pustych krzeseł😂 https://t.co/7S3MvbS0dZ",
    "category": "Original"
  },
  {
    "edit_history_tweet_ids": [
      "1865370197701390351"
    ],
    "created_at": "2024-12-07T12:18:06.000Z",
    "id": "1865370197701390351",
    "text": "Czy ktoś wie o czym jest to wystąpienie Rafała ?🤔",
    "category": "Original"
  },
  {
    "edit_history_tweet_ids": [
      "1865367354386858035",
      "1865368667984138707"
    ],
    "created_at": "2024-12-07T12:12:01.000Z",
    "id": "1865368667984138707",
    "text": "Rafał oczadzial? 😳 Partia której jest wiceprezesem rządzi od roku a on wini za cenę masła i wysokie rachunki za energię elektryczną,: PIS ,Morawieckiego, Kaczyńskiego i Glapińskiego? Oni naprawdę mają ludzi za idiotów?",
    "category": "Original"
  },
  {
    "edit_history_tweet_ids": [
      "1865364470735806806"
    ],
    "created_at": "2024-12-07T11:55:21.000Z",
    "id": "1865364470735806806",
    "text": "Rafał składa ”wyznanie wiary”:wierzę w to, wierzę w tamto,wierzę w siamto.🤷‍♂️Problem panie Rafale jest taki,że miliony Polaków nie wierzą panu ani pana Kierownikowu🤷‍♂️",
    "category": "Original"
  },
  {
    "edit_history_tweet_ids": [
      "1865362345318302203",
      "1865363073353097582"
    ],
    "created_at": "2024-12-07T11:49:48.000Z",
    "id": "1865363073353097582",
    "text": "Ależ emocje na twarzy Rafała😱 Można zwieźć tysiące ludzi ale entuzjazmu się nie kupi🤷‍♂️",
    "category": "Original"
  },
  {
    "edit_history_tweet_ids": [
      "1865360825168339246"
    ],
    "created_at": "2024-12-07T11:40:52.000Z",
    "id": "1865360825168339246",
    "text": "Nie jest dobrze, Kierownik się wścieka.😳😂",
    "category": "Original"
  },
  {
    "edit_history_tweet_ids": [
      "1865359348689449416"
    ],
    "created_at": "2024-12-07T11:35:00.000Z",
    "id": "1865359348689449416",
    "text": "Dzieje się. Prezes podbił historyczne powitanie Mariusza Błaszczaka. 👍😊 https://t.co/HhdjYFqc3n",
    "category": "Original"
  },
  {
    "edit_history_tweet_ids": [
      "1865358778264117482"
    ],
    "created_at": "2024-12-07T11:32:44.000Z",
    "id": "1865358778264117482",
    "text": "Tusk rekomendując Trzaskowskiego nie zapomina taktycznie cały czas mówić o sobie 😊",
    "category": "Original"
  },
  {
    "id": "1865358778264117482",
    "edit_history_tweet_ids": [
      "1865358778264117482"
    ],
    "created_at": "2024-12-07T11:32:44.000Z",
    "text": "Tusk rekomendując Trzaskowskiego nie zapomina taktycznie cały czas mówić o sobie 😊",
    "category": "Original"
  },
  {
    "id": "1865356079015629187",
    "edit_history_tweet_ids": [
      "1865356079015629187"
    ],
    "created_at": "2024-12-07T11:22:00.000Z",
    "text": "No to wystartowali!!!! https://t.co/C5aYUdK4p2",
    "category": "Original"
  },
  {
    "id": "1865353160199381014",
    "edit_history_tweet_ids": [
      "1865353160199381014"
    ],
    "created_at": "2024-12-07T11:10:24.000Z",
    "text": "Największy zjazd urzędników samorządowych i rządowych w historii. Czy w autokarach będzie sprawdzanie listy obecności? 🤔",
    "category": "Original"
  },
  {
    "id": "1865351787827298720",
    "edit_history_tweet_ids": [
      "1865351787827298720"
    ],
    "created_at": "2024-12-07T11:04:57.000Z",
    "text": "Trzaskowski może wydać 7 mln na konwencję, może zjeść „tysiąc kotletów”, może nazywać się „dupiarzem” może być objęty ochronną całego medialnego mainstreamu, ale nigdy nie będzie miał tego co ma @NawrockiKn, prawdziwą i szczerą empatię i naturalność.🤷‍♂️ https://t.co/db3ZOCF9Bt",
    "category": "Original"
  },
  {
    "id": "1864736103908978783",
    "edit_history_tweet_ids": [
      "1864736103908978783"
    ],
    "created_at": "2024-12-05T18:18:26.000Z",
    "text": "Pewno dlatego Kierownik taki nerwowy i ruga Bodnara z Siemoniakiem, że za mało się starają🤷‍♂️ https://t.co/cI9ve0mmsd",
    "category": "Original"
  },
  {
    "id": "1864644319186993634",
    "edit_history_tweet_ids": [
      "1864644319186993634"
    ],
    "created_at": "2024-12-05T12:13:43.000Z",
    "text": "Tusk ,zatrzymał się mentalnie w 2005r. Akcja wymierzona w Cimoszewicza na krótką metę przyniosła mu zyski, finalnie dostał łomot od śp. Lecha Kaczyńskiego. Tym razem będzie tak samo dostanie łomot od @NawrockiKn, który nie jest Cimoszewiczem i na pewno nie przestraszy się… https://t.co/3avF0FZKL9 https://t.co/bXM6rcoa6x",
    "category": "Original"
  },
  {
    "id": "1864278231412531346",
    "edit_history_tweet_ids": [
      "1864278064860987825",
      "1864278231412531346"
    ],
    "created_at": "2024-12-04T11:59:01.000Z",
    "text": "Klasyka cytowałem: https://t.co/gjoOvnL6di 👇 https://t.co/G011ApkiQR",
    "category": "Original"
  },
  {
    "id": "1864267050174001175",
    "edit_history_tweet_ids": [
      "1864267050174001175"
    ],
    "created_at": "2024-12-04T11:14:35.000Z",
    "text": "„Rozgrzani”sędziowie skazali mnie na 30tys. grzywny za nazwanie Kramka i Kozłowskiej „cwaniaczkami”. Kramek polskiego premiera nazywał ch…m ale dla tego samego sędziego była to zwykła krytyka. Za nazwanie Kramka cwaniaczkiem mam zapłacić 30tys plus odsetki liczone od dnia pozwu… https://t.co/LgZk7obtqo https://t.co/FRlGkagpsx",
    "category": "Original"
  },
  {
    "id": "1864264763770896590",
    "edit_history_tweet_ids": [
      "1864264763770896590"
    ],
    "created_at": "2024-12-04T11:05:30.000Z",
    "text": "Co łączy raporty Reyndersa,dotyczące rzekomego łamania praworządności przez rządy PIS i tzw. raport na temat Karola Nawrockiego? Kłamstwo,Platforma Obywatelska i Tusk w tle. Kłamali rano, kłamali wieczorem kłamią nawet jak śpią!!! Tusk wypuszczając dziś swoich hunwejbinów w… https://t.co/8U4s36231v https://t.co/AZqWGHTsdA",
    "category": "Original"
  },
  {
    "id": "1864172837797282238",
    "edit_history_tweet_ids": [
      "1864172837797282238"
    ],
    "created_at": "2024-12-04T05:00:13.000Z",
    "text": "Dziś Barbórka , wszystkim górnikom, tym od węgla kamiennego i brunatnego, tym od  gazu i ropy, tym od soli i borowiny, wszystkim, tradycyjne: Szczęść Boże!!!. Niech św.Barbara błogosławi Wam każdego dnia. 👍😊",
    "category": "Original"
  },
  {
    "id": "1863253491541569670",
    "edit_history_tweet_ids": [
      "1863253491541569670"
    ],
    "created_at": "2024-12-01T16:07:04.000Z",
    "text": "„Bezpieczeństwo ekologiczne - element bezpieczeństwa narodowego Polski” – kolejne świetne wystąpienie @ma_golinska podczas konferencji @ecrgroup w #Choszczno https://t.co/0IDlm4JaAb",
    "category": "Original"
  },
  {
    "id": "1863216709936533534",
    "edit_history_tweet_ids": [
      "1863216709936533534"
    ],
    "created_at": "2024-12-01T13:40:55.000Z",
    "text": "Przeregulowana i totalnie zbiurokratyzowana Unia Europejska coraz bardziej nie radzi sobie w konkurencyjnym świecie - @DanielObajtek - konferencja @ecrgroup na #PomorzeZachodnie https://t.co/xI7nFrsj2g",
    "category": "Original"
  },
  {
    "id": "1863206763140411557",
    "edit_history_tweet_ids": [
      "1863206763140411557"
    ],
    "created_at": "2024-12-01T13:01:23.000Z",
    "text": "Podczas konferencji @ecrgroup Minister @mblaszczak podkreślał jak ważne są inwestycje w polską armię, ogromne środki muszą konsekwentnie być kierowane do polskiej armii, tak jak było w czasach gdy rządziło Prawo i Sprawiedliwość. https://t.co/O15CRJS4Lw",
    "category": "Original"
  },
  {
    "id": "1863202374275186848",
    "edit_history_tweet_ids": [
      "1863200755760427371",
      "1863202374275186848"
    ],
    "created_at": "2024-12-01T12:43:57.000Z",
    "text": "Zaczęliśmy konferencję @ecrgroup „#BezpieczeństwoEnergetyczne – kluczowy element bezpieczeństwa Polski i Unii Europejskiej”, wśród panelistów będą @mblaszczak , @DanielObajtek, @ma_golinska , @marekgrobarczyk, @czeslawhoc @pisorgpl. Konferencja w #Choszczno #PomorzeZachodnie… https://t.co/cxUsF5zCrm https://t.co/VsMg9RymKP",
    "category": "Original"
  },
  {
    "id": "1862636152496206326",
    "edit_history_tweet_ids": [
      "1862636152496206326"
    ],
    "created_at": "2024-11-29T23:13:59.000Z",
    "text": "Słychać wycie…. znakomicie 👍 https://t.co/v3u4ZgOeaj",
    "category": "Original"
  },
  {
    "id": "1862613735036068287",
    "edit_history_tweet_ids": [
      "1862613735036068287"
    ],
    "created_at": "2024-11-29T21:44:54.000Z",
    "text": "Giertych coraz bardziej w tej swoje „twórczości” tliterowej przebija Sok z buraka. Jest coraz bardziej buraczany z tym stajennym i końskim „dowcipem”🤷‍♂️ https://t.co/YhHUQgDWA3",
    "category": "Original"
  },
  {
    "id": "1862611795283685864",
    "edit_history_tweet_ids": [
      "1862611795283685864"
    ],
    "created_at": "2024-11-29T21:37:12.000Z",
    "text": "Tak, o powszechnym przekonaniu,że Rafał jest wysoki i twardy jak Roman Bratny świadczy taki wpis jak Pani redaktor. Oczywiste. https://t.co/VFJEPrM3wo",
    "category": "Original"
  },
  {
    "id": "1862589421897289758",
    "edit_history_tweet_ids": [
      "1862589421897289758"
    ],
    "created_at": "2024-11-29T20:08:18.000Z",
    "text": "Nitras, chciał pokazać „wysokiemu” i „twardemu” (jak jajko na twardo) kandydatowi uśmiechniętej #PO, „nieznanego” @NawrockiKn 😊 https://t.co/6mSZQXlGPO",
    "category": "Original"
  },
  {
    "id": "1862587487215857796",
    "edit_history_tweet_ids": [
      "1862587487215857796"
    ],
    "created_at": "2024-11-29T20:00:36.000Z",
    "text": "A pan Giertych w stajni Tuska🤷‍♂️ https://t.co/c7ahOuHwkC",
    "category": "Original"
  },
  {
    "id": "1861722804246200746",
    "edit_history_tweet_ids": [
      "1861722595315392712",
      "1861722804246200746"
    ],
    "created_at": "2024-11-27T10:44:40.000Z",
    "text": "Warto zapamiętać głosy które padają dziś w #PE. Dla ludzi którzy przez ostatnie lata w tej izbie, tak brutalnie atakowali rząd Prawa i Sprawiedliwości, poglądy milionów Europejczyków, dla których ważne sa takie słowa jak: Bóg, Ojczyzna, Rodzina, Wiara, Chrześcijaństwo, Historia,… https://t.co/g9I85TGKEF",
    "category": "Original"
  },
  {
    "id": "1861718881112350858",
    "edit_history_tweet_ids": [
      "1861718095259218075",
      "1861718881112350858"
    ],
    "created_at": "2024-11-27T10:29:04.000Z",
    "text": "W #PE trwa dyskusja nad zaproponowanym przez @vonderleyen składem nowej Komisji Europejskiej, padają głosy duchowych „córek” Marksa i Lenina, że ta komisja to koniec „kordonu sanitarnego” wokół wartości konserwatywnych. Pani Urszula musi być w ciężkim szoku, zapowiedziała jeszcze… https://t.co/zZtt8Lpv4v",
    "category": "Original"
  },
  {
    "id": "1861143443650519081",
    "edit_history_tweet_ids": [
      "1861143443650519081"
    ],
    "created_at": "2024-11-25T20:22:29.000Z",
    "text": "Daleki jestem od lekceważenia przeciwnika, ale jak patrzę na Karola z Pawłem u boku, 💪 to jakoś Trzaskowski z Nitrasem mi nie straszni🤷‍♂️😊 Panowie dla 🇵🇱❤️dacie radę !!! https://t.co/N4TQRqJiob",
    "category": "Original"
  },
  {
    "id": "1860723197517168966",
    "edit_history_tweet_ids": [
      "1860723197517168966"
    ],
    "created_at": "2024-11-24T16:32:35.000Z",
    "text": "Tak! Karol Nawrocki kandydatem na Prezydenta RP! 🇵🇱 #Nawrocki2025 👍 https://t.co/kzj8QROCW1",
    "category": "Original"
  },
  {
    "id": "1860234061324685634",
    "edit_history_tweet_ids": [
      "1860226762887635142",
      "1860234061324685634"
    ],
    "created_at": "2024-11-23T08:08:56.000Z",
    "text": "Stara metoda „jaczejki” z Czerskiej i wychowanych na jej łamach „yntelygencji”. Obrzucić błotem, skłamać, konfabulowac, a następnie dla bezpieczeństwa procesowego wycofać się, ale tak ,żeby jak najmniej osób to zauważyło. W głowach ich wyznawców pozostanie „kisiel” a takie… https://t.co/PsP3OKFFJX https://t.co/MxWoYFBktz",
    "category": "Original"
  },
  {
    "id": "1859136072761942484",
    "edit_history_tweet_ids": [
      "1859136072761942484"
    ],
    "created_at": "2024-11-20T07:25:55.000Z",
    "text": "Giertych „zaszczuty”przez Newsweek i GW, ludzie Trzaskowskiego szarpią dziennikarzy GW, TVN24 i lokalnych mediów „w likwidacji”.😳 Następnym krokiem będzie ich apel do mediów toruńskich, Gazety Polskiej  i TV Republiki o wzięcie ich w obronę 😂 https://t.co/4VbPqBRJUH",
    "category": "Original"
  },
  {
    "id": "1858533840127402082",
    "edit_history_tweet_ids": [
      "1858533840127402082"
    ],
    "created_at": "2024-11-18T15:32:52.000Z",
    "text": "Grubo😱Sławek atakuje #krulEU i jego sondę 😂 https://t.co/DCXmWqk2ee",
    "category": "Original"
  },
  {
    "id": "1857722153564586495",
    "edit_history_tweet_ids": [
      "1857722153564586495"
    ],
    "created_at": "2024-11-16T09:47:30.000Z",
    "text": "Zaczęliśmy właśnie posiedzenie nowo wybranego Zarządu Okręgowego @pisorgpl w #Szczecin pod przewodnictwem nowego prezesa @BoguckiZbigniew 👍. Działamy #PomorzeZachodnie 👍\n\n@PiS_Szczecin @marekgrobarczyk @arturszalabawka https://t.co/pGMbIH21uJ",
    "category": "Original"
  },
  {
    "id": "1857667950632751159",
    "edit_history_tweet_ids": [
      "1857667950632751159"
    ],
    "created_at": "2024-11-16T06:12:07.000Z",
    "text": "Jak”rozgrzeszony” przez Michnika narodowiec Roman,  z „konserwatywnym”wychowankiem Rokity Sławomirem do oczu sobie się rzucili. Panowie nie kłóćcie się, wasz wpływ i tak jest zerowy, tak czy siak o waszym kandydacie zdecyduje facet który ma was \n(waszych kandydatów również)  za… https://t.co/mJjVQTw9L9 https://t.co/OIpCcB3I6U",
    "category": "Original"
  },
  {
    "id": "1855272076862492884",
    "edit_history_tweet_ids": [
      "1855271819206365413",
      "1855272076862492884"
    ],
    "created_at": "2024-11-09T15:31:47.000Z",
    "text": "Dziś rano w Szczecinie, a teraz w #Koszalin - zaczynamy właśnie Zjazd Okręgowy @pisorgpl, który wybierze nowego prezesa okręgu i nowy zarząd. List do uczestników zjazdu skierował lider #PiS Jarosław Kaczyński. @szefernaker @ma_golinska @czeslawhoc #ZawszeZaPolską 🇵🇱👍 https://t.co/M1MuivrvPd",
    "category": "Original"
  },
  {
    "id": "1855187995613134944",
    "edit_history_tweet_ids": [
      "1855187995613134944"
    ],
    "created_at": "2024-11-09T09:57:40.000Z",
    "text": "Właśnie zaczynamy Zjazd Okręgowy @pisorgpl w #Szczecin, prawie 500 delegatów z okręgu szczecińskiego będzie wybierać prezesa i zarząd okręgowy. @PiS_Szczecin @BoguckiZbigniew @arturszalabawka @DariuszMatecki @marekgrobarczyk @szefernaker https://t.co/ydBWgGTohW",
    "category": "Original"
  },
  {
    "id": "1854802169787994439",
    "edit_history_tweet_ids": [
      "1854802169787994439"
    ],
    "created_at": "2024-11-08T08:24:32.000Z",
    "text": "Oby autentyczna i szczera radość wszystkich którzy kibicowali @realDonaldTrump wyborach w USA, nie została ośmieszona i zinfantylizowana przez  tych wszystkich którym wydaje się, że wraz z tymi wyborami można ogłosić polityczny koniec Tuska i całej jego bandy #13grudnia.… https://t.co/EN3pzWtSNT",
    "category": "Original"
  },
  {
    "id": "1854445061171216846",
    "edit_history_tweet_ids": [
      "1854445061171216846"
    ],
    "created_at": "2024-11-07T08:45:31.000Z",
    "text": "Tusk łże nawet jak śpi. 🤷‍♂️ https://t.co/32DCiornPW",
    "category": "Original"
  },
  {
    "id": "1854061575344169160",
    "edit_history_tweet_ids": [
      "1854061575344169160"
    ],
    "created_at": "2024-11-06T07:21:41.000Z",
    "text": "Jeszcze chwila i Giertych zacznie apelować do @michalrachon i @RepublikaTV z prośbą o zaproszenie i gotowością do rozmowy. Przecież on i Sikorski nie mówiąc o Miśku Kamińskim zawsze byli sceptyczni wobec demokratów i kochali i Donalda Trumpa. https://t.co/aSt3CDQkWi",
    "category": "Original"
  },
  {
    "id": "1854054285442490409",
    "edit_history_tweet_ids": [
      "1854054285442490409"
    ],
    "created_at": "2024-11-06T06:52:42.000Z",
    "text": "Wygląda na to, że nasz Donalda został z Brzezinskim, TVN-em, GW jak Himilsbach z angielskim. Prorocze słowa #kruluEU ,: „dwóch Donaldow w polityce to zdecydowanie za dużo”. Został ci się jeno Scholz. 🤷‍♂️",
    "category": "Original"
  },
  {
    "id": "1852807971836952675",
    "edit_history_tweet_ids": [
      "1852807971836952675"
    ],
    "created_at": "2024-11-02T20:20:18.000Z",
    "text": "Dziś w #DzieńZaduszny razem z Ignacym modliliśmy się za dusze Śp. Kurierów Sądeckich🙏 Część i Chwała Bohaterom 🇵🇱❤️ https://t.co/dstOUClhy9",
    "category": "Original"
  },
  {
    "id": "1850583894216581343",
    "edit_history_tweet_ids": [
      "1850583894216581343"
    ],
    "created_at": "2024-10-27T17:02:37.000Z",
    "text": "Jutro o 8.30 będę gościem „Rozmów pod krawatem” w Polskim Radio Szczecin @radio_szczecin - do usłyszenia 👍. https://t.co/bydBrlBkHL",
    "category": "Original"
  },
  {
    "id": "1847714185301414369",
    "edit_history_tweet_ids": [
      "1847711570929078717",
      "1847714185301414369"
    ],
    "created_at": "2024-10-19T18:59:25.000Z",
    "text": "Europejski kongres European Congress On Family II Edition @ECRparty powoli dobiega końca. Rozmawialiśmy o przyszłości naszych rodzin, nowych technologiach i ich wpływie na nowe pokolenia, mówiliśmy o szansach i zagrożeniach z nich wynikających. Cieszę się, że mogłem jako… https://t.co/OoME4XNohG https://t.co/M11DdSVXY2",
    "category": "Original"
  },
  {
    "id": "1847560664186777905",
    "edit_history_tweet_ids": [
      "1847560664186777905"
    ],
    "created_at": "2024-10-19T08:49:23.000Z",
    "text": "40 lat temu komunistyczni zbrodniarze - funkcjonariusze Służby Bezpieczeństwa PRL zamordowali księdza Jerzego #Popiełuszko.\n\n„Zło dobrem zwyciężaj!” #Pamiętamy 🕯️ https://t.co/IhxMgO2llw",
    "category": "Original"
  },
  {
    "id": "1846952660362232316",
    "edit_history_tweet_ids": [
      "1846952660362232316"
    ],
    "created_at": "2024-10-17T16:33:23.000Z",
    "text": "⛔️⛔️#StopNielegalnejMigracji ⛔️⛔️\n\n➡️ Wesprzyj akcję zbierania podpisów pod wnioskiem o #referendum ❌.\n\n✅ Pobierz i wydrukuj listę do zbierania podpisów. \n\n✅ Zbierz jak najwięcej podpisów i zostaw listy w dowolnym biurze Prawa i Sprawiedliwości 🇵🇱👍.\n\n➡️ #POBIERZ:… https://t.co/FFdEg5ayU4 https://t.co/wkbh6CwoRp",
    "category": "Original"
  },
  {
    "id": "1846796772053598527",
    "edit_history_tweet_ids": [
      "1846796772053598527"
    ],
    "created_at": "2024-10-17T06:13:56.000Z",
    "text": "Z @NProcaccini, współprzewodniczącym @ecrgroup spotkaliśmy się z Kają Kallas @kajakallas - kandydatką na Wysokiego Przedstawiciela UE ds. Zagranicznych i Polityki Bezpieczeństwa. #Bruksela https://t.co/tTRbS5qsWa",
    "category": "Original"
  },
  {
    "id": "1846592834696257578",
    "edit_history_tweet_ids": [
      "1846592834696257578"
    ],
    "created_at": "2024-10-16T16:43:34.000Z",
    "text": "Spotkałem się dziś z przedstawicielami Europejskiej Służby Działań Zewnętrznych 🇵🇱🇪🇺 @eu_eeas #EEAS ws. absolutorium. \n\nSłużbę reprezentowal pan Gianmarco Di Vita, dyrektor ds. zarządzania, towarzyszyli mu: Alessio Silva (kierownik wydz. ds. planowania, sprawozdawczości i… https://t.co/D1XolFsDQG https://t.co/XhlZMSCTLR",
    "category": "Original"
  },
  {
    "id": "1846521308290453698",
    "edit_history_tweet_ids": [
      "1846521308290453698"
    ],
    "created_at": "2024-10-16T11:59:21.000Z",
    "text": "Ale którego ma pan konkretnie na myśli?🤔 https://t.co/p9uQGa9mud https://t.co/vAugmvcZOG",
    "category": "Original"
  },
  {
    "id": "1846519378738573660",
    "edit_history_tweet_ids": [
      "1846519378738573660"
    ],
    "created_at": "2024-10-16T11:51:41.000Z",
    "text": "To jest ta uśmiechnięta, wykształcona i elitarna  „elyta” która z panią Krzywonos dała dzisiaj przykład, że #sitwy13grudnia POprowdzi nas do lepszej przyszłości. Wyborcy z Jagodna i Wilanowa zachwyceni jak sądzę ?🤔 https://t.co/U36IaQH72j",
    "category": "Original"
  },
  {
    "id": "1846511663211540976",
    "edit_history_tweet_ids": [
      "1846511663211540976"
    ],
    "created_at": "2024-10-16T11:21:01.000Z",
    "text": "Polskojęzyczne stacje i portale ekscytują się wystąpieniem Tuska, czytamy i słyszymy ,że Jarosław Kaczyński i posłowie PIS opuścili salę plenarną bo Tusk miał mocne wystąpienie. Ci medialni POmocnicy #sitwy13grudnia, słowem nie zająknęli się ,że Tusk po raz kolejny złamał… https://t.co/AwbtWntszm",
    "category": "Original"
  },
  {
    "id": "1846167568429486208",
    "edit_history_tweet_ids": [
      "1846167568429486208"
    ],
    "created_at": "2024-10-15T12:33:43.000Z",
    "text": "Rozpoczynamy właśnie spotkanie Grupy #EKR @ecrgroup, na którym https://t.co/LGE6rwdiTF. omówimy zbliżające się wysłuchania kandydatek i kandydatów do nowej Komisji Europejskiej. https://t.co/lAxudmJf1U",
    "category": "Original"
  },
  {
    "id": "1846115317820346506",
    "edit_history_tweet_ids": [
      "1846114374567530926",
      "1846115317820346506"
    ],
    "created_at": "2024-10-15T09:06:05.000Z",
    "text": "Dziś od rana spotkania w #Bruksela. Zakończyliśmy właśnie spotkanie z @RaffaeleFitto - kandydatem na komisarza ds. spójności i reform w Komisji Europejskiej. @AdamBielan @ecrgroup https://t.co/ArouSlukCr",
    "category": "Original"
  },
  {
    "id": "1845835780641481031",
    "edit_history_tweet_ids": [
      "1845835609731973231",
      "1845835780641481031"
    ],
    "created_at": "2024-10-14T14:35:18.000Z",
    "text": "I to jest prawdziwa pomoc. Skromna i cicha praca od lat na rzecz potrzebujacych a nie pajacowanie futrowanego przez spółki skarbu państwa faceta który pewno przed kolejnymi wyborami rozwiesi po całej Polsce bilbordy. Bilbordy które POmogą tym którzy go futrują ale czy pomogą… https://t.co/Js2Aq4RSyu https://t.co/rwgpBi1Pb8",
    "category": "Original"
  },
  {
    "id": "1845835780641481031",
    "created_at": "2024-10-14T14:35:18.000Z",
    "edit_history_tweet_ids": [
      "1845835609731973231",
      "1845835780641481031"
    ],
    "text": "I to jest prawdziwa pomoc. Skromna i cicha praca od lat na rzecz potrzebujacych a nie pajacowanie futrowanego przez spółki skarbu państwa faceta który pewno przed kolejnymi wyborami rozwiesi po całej Polsce bilbordy. Bilbordy które POmogą tym którzy go futrują ale czy pomogą… https://t.co/Js2Aq4RSyu https://t.co/rwgpBi1Pb8",
    "category": "Original"
  },
  {
    "id": "1845695950037176778",
    "created_at": "2024-10-14T05:19:40.000Z",
    "edit_history_tweet_ids": [
      "1845695950037176778"
    ],
    "text": "Zachęcam wszystkich aby włączyć @RepublikaTV 👍, tym bardziej, że już o 08.10 będę gościem Red. @michalrachon w #Jedziemy👍😊",
    "category": "Original"
  },
  {
    "id": "1845695158420926938",
    "created_at": "2024-10-14T05:16:31.000Z",
    "edit_history_tweet_ids": [
      "1845695034563207605",
      "1845695158420926938"
    ],
    "text": "Dzisiaj Dzień Nauczyciela,swoim sercem ogarniam wszystkich tych wspaniałych nauczycieli i wychowawców których miałem szczęście spotkać na swojej drodze życia.❤️Tym żyjącym składam najserdeczniejsze podziękowania i życzenia.💐🌸🌻 Tych którzy już odeszli ogarniam swoją modlitwą.… https://t.co/nAVFGPTAXg",
    "category": "Original"
  },
  {
    "id": "1845100611731103961",
    "created_at": "2024-10-12T13:54:00.000Z",
    "edit_history_tweet_ids": [
      "1845100611731103961"
    ],
    "text": "Zjednoczenie staje się faktem. #ZawszedlaPolski🇵🇱 https://t.co/fR6DaFDAwn",
    "category": "Original"
  },
  {
    "id": "1845086636163383596",
    "created_at": "2024-10-12T12:58:28.000Z",
    "edit_history_tweet_ids": [
      "1845086636163383596"
    ],
    "text": "Tusk (za podszeptami różnych Ostachowiczow?)  liczył w naiwności swojej, że tymi paroksyzmami wścieklizny sprowokuje Lidera @pisorgpl do grania w jego spektaklu. 😂 Panie Tusk daj pan spokój, te techniki z podręcznika chodnikowego akwizytora są dobre na mobilizację… https://t.co/5GYa13tZLx",
    "category": "Original"
  },
  {
    "id": "1845072195262787857",
    "created_at": "2024-10-12T12:01:05.000Z",
    "edit_history_tweet_ids": [
      "1845072195262787857"
    ],
    "text": "Trwa wystąpienia lidera #PIS Jarosława Kaczyńskiego, warto porównać to niezwykle erudycyjne i propaństwowe wystąpienie z tymi „erupcjami” wścieklizny politycznej które zaprezentował dziś Tusk.🤷‍♂️ https://t.co/fMHmYjDsNw",
    "category": "Original"
  },
  {
    "id": "1844408419953803350",
    "created_at": "2024-10-10T16:03:29.000Z",
    "edit_history_tweet_ids": [
      "1844408419953803350"
    ],
    "text": "„Dzisiaj w Polsce, rządzonej przez waszych kolegów, kolegów z EPP, katolicki ksiądz - bez wyroku sądu - od sześciu miesięcy jest w więzieniu! Jest zagrożone jego życie!”\n \n„Minister konstytucyjny tego rządu mówi o konieczności piłowania katolików!Szanowni państwo i panie… https://t.co/F7Qa0qRwHR https://t.co/eORVoc67GB",
    "category": "Original"
  },
  {
    "id": "1844325597411238283",
    "created_at": "2024-10-10T10:34:22.000Z",
    "edit_history_tweet_ids": [
      "1844325597411238283"
    ],
    "text": "„Dzisiaj sytuacja wygląda tak, że o ponad 44% wzrosła przestępczość wymierzona wobec chrześcijan! W samym 2023 roku we Francji takich przejawów agresji wobec chrześcijan i obiektów sakralnych było ponad 1000!”\n\n#Debata o nietolerancji religijnej w Europie. #Chrześcijaństwo… https://t.co/kGhEJwMkej https://t.co/xSB60pr9Us https://t.co/PJBqF0y55u",
    "category": "Original"
  },
  {
    "id": "1844308681854267689",
    "created_at": "2024-10-10T09:27:10.000Z",
    "edit_history_tweet_ids": [
      "1844308681854267689"
    ],
    "text": "„Dzisiaj w Polsce, rządzonej przez waszych kolegów, kolegów z EPP, katolicki ksiądz bez wyroku sądu, od sześciu miesięcy jest w więzieniu! Jest zagrożone jego życie. Minister konstytucyjny tego rządu mówi o konieczności piłowania katolików!”\n\n➡️ #Debata o nietolerancji religijnej… https://t.co/6HKM7iaIjp https://t.co/PzZG6axrvB",
    "category": "Original"
  },
  {
    "id": "1840858079098798300",
    "created_at": "2024-09-30T20:55:42.000Z",
    "edit_history_tweet_ids": [
      "1840858079098798300"
    ],
    "text": "To jutro przeczytamy, że dobry Car się wściekł się na złych bojarów i kazał odwołać wszystkich dyrektorów z Totalizatora🤷‍♂️ I tak jak zawsze Onet pomoże kierownikowi skutecznie odwrócić uwagę od bałaganu związanego z powodzią. Tylko jak tak dalej pójdzie to Tusk w końcu zostanie z… https://t.co/KuSPvhK6py https://t.co/HsaTa3GalA",
    "category": "Original"
  },
  {
    "id": "1836681035603480674",
    "created_at": "2024-09-19T08:17:37.000Z",
    "edit_history_tweet_ids": [
      "1836680864773664841",
      "1836681035603480674"
    ],
    "text": "„Najpierw polityka „#HerzlichWillkommen”. Przybywajcie - otwieramy szeroko granice, a jak sytuacja wymyka się spod kontroli, to zamykają granice wewnętrzne wbrew traktatom - to zrobiły obecnie Niemcy - i próbują przerzucić ten gorący kartofel na takie kraje jak #Polska, która… https://t.co/TtPJV0kNWI https://t.co/LrFU6A5KmG",
    "category": "Original"
  },
  {
    "id": "1836493192130105703",
    "created_at": "2024-09-18T19:51:12.000Z",
    "edit_history_tweet_ids": [
      "1836493192130105703"
    ],
    "text": "Mówiłem o tym dzisiaj w PE, mówiąc o ekoterrorystach wspieranych przez rządy tych państw którym zależy na destabilizacji u swoich sąsiadów. Przykład inwestycji na Odrze, które to inwestycje były blokowane przy pomocy polskich „ekologów” i polityków, wspólnie z politykami… https://t.co/YNKB7mzmnG https://t.co/6Fs3wMzIHF",
    "category": "Original"
  },
  {
    "id": "1836445313642487910",
    "created_at": "2024-09-18T16:40:56.000Z",
    "edit_history_tweet_ids": [
      "1836438910538289582",
      "1836445313642487910"
    ],
    "text": "„#Szaleńcza, zideologizowana polityka wkracza w obszary zdrowego rozsądku, tak jak chociażby szaleńcza #PolitykaKlimatyczna, skutkująca tym, że różnego rodzaju #ekoterroryści, niejednokrotnie przy współpracy rządów, uniemożliwiają takie inwestycje, jak budowa zbiorników… https://t.co/WyrEQ6ckzd https://t.co/MZvsRhK0O6 https://t.co/ywAlSC7q5b",
    "category": "Original"
  },
  {
    "id": "1836385654919565325",
    "created_at": "2024-09-18T12:43:53.000Z",
    "edit_history_tweet_ids": [
      "1836385654919565325"
    ],
    "text": "🟦 Szaleńcza, zideologizowana polityka wkracza w obszary zdrowego rozsądku, tak jak chociażby szaleńcza polityka klimatyczna, skutkująca tym, że różnego rodzaju #ekoterroryści, niejednokrotnie przy współpracy rządów, uniemożliwiają takie inwestycje, jak budowa zbiorników… https://t.co/PTAlX4jTsC https://t.co/1ohoZn9oW7",
    "category": "Original"
  },
  {
    "id": "1836370722060406981",
    "created_at": "2024-09-18T11:44:32.000Z",
    "edit_history_tweet_ids": [
      "1836370722060406981"
    ],
    "text": "Dzisiejsza #debata dot. przestępczości zorganizowanej.\n\n@Frontex powinien mieć dostęp do baz danych Interpolu, a agencja Eurojust powinna mieć możliwość wymiany informacji operacyjnych z Interpolem. \n\n#Bezpieczeństwo 🇵🇱🇪🇺 https://t.co/eTow7tgaQy",
    "category": "Original"
  },
  {
    "id": "1835958094406226176",
    "created_at": "2024-09-17T08:24:54.000Z",
    "edit_history_tweet_ids": [
      "1835958094406226176"
    ],
    "text": "Ludzki pan, mógł rzucić słoikiem\no ścianę jak wcześniej rzucał talerzami🤷‍♂️ https://t.co/D6bDQu7fY1",
    "category": "Original"
  },
  {
    "id": "1835956283104428214",
    "created_at": "2024-09-17T08:17:42.000Z",
    "edit_history_tweet_ids": [
      "1835956283104428214"
    ],
    "text": "Sparaliżowali, państwo, wsadzili do więzienia urzędników którzy rozdawali sprzęt do ratowania życia, zaangażowali cały aparat sprawiedliwości do „polowania” na poprzednią władzę. Skutkuje to tym,że dziś w urzędach i w służbach mundurowych każdy szuka 10 „dupokrytek” zanim… https://t.co/6aSJh8EiuG https://t.co/PSOawzx1qd",
    "category": "Original"
  },
  {
    "id": "1835585048793190643",
    "created_at": "2024-09-16T07:42:33.000Z",
    "edit_history_tweet_ids": [
      "1835585048793190643"
    ],
    "text": "My takich błędów nie popełnialiśmy. Oni wyli jak opętani przy każdej tragedii, nieważne czy była to powódź czy pandemia, pytaniem otwartym pozostaje, czy mamy być tacy sami jak oni? Ja wiem, że w polityce liczy się skuteczność ale ja wolę być skutecznym państwowcem niż skutecznym… https://t.co/pDuvDXZMpe https://t.co/46ppqNFrwt",
    "category": "Original"
  },
  {
    "id": "1835576737633079400",
    "created_at": "2024-09-16T07:09:32.000Z",
    "edit_history_tweet_ids": [
      "1835576737633079400"
    ],
    "text": "Dziś jest czas pomocy dla ludzi dotkniętych tragedią powodzi ponad podziałami i pełnego wsparcia dla wszystkich służb. Czas na rozliczenia, tych którzy mówili, że „prognozy nie są alarmujące”,dla tych którzy polityką „polowania na czarownice” sparaliżowali administrację… https://t.co/exlajH5RGQ",
    "category": "Original"
  },
  {
    "id": "1834968403422982233",
    "created_at": "2024-09-14T14:52:14.000Z",
    "edit_history_tweet_ids": [
      "1834968403422982233"
    ],
    "text": "Dziś o 20.00 będę gościem Red. @MartaKielczyk w @wPolscepl. Zapraszam serdecznie.",
    "category": "Original"
  },
  {
    "id": "1834942396288704850",
    "created_at": "2024-09-14T13:08:53.000Z",
    "edit_history_tweet_ids": [
      "1834942396288704850"
    ],
    "text": "Ależ Tusk to jest jednak wredny cykor, zatrzymanie samochodu lidera opozycji tuż po legalnym wiecu, przez podległe mu służby to pierwszy efekt „walczącej demokracji”? Zaczynają od walki z samochodami posiadającymi ważne badania techniczne. Jutro będą odbierać wolność wszystkim… https://t.co/n05Bzh3fCt",
    "category": "Original"
  },
  {
    "id": "1834940265238274506",
    "created_at": "2024-09-14T13:00:25.000Z",
    "edit_history_tweet_ids": [
      "1834940265238274506"
    ],
    "text": "Są już pierwsze efekty naszego dzisiejszego spotkania przed Ministerstwem Sprawiedliwości. „uśmiechnięte” służby podległe Tuskowi i Bodnarowi, zatrzymały samochód Prezesa PIS Jarosława Kaczyńskiego. Powód?  Ma zbyt ciemne szyby. Dodam, że samochód ma aktualne badania techniczne.",
    "category": "Original"
  },
  {
    "id": "1834939544451285309",
    "created_at": "2024-09-14T12:57:33.000Z",
    "edit_history_tweet_ids": [
      "1834939544451285309"
    ],
    "text": "Ponad 20 tysięcy Dumnych i Wolnych Polaków, nie przestraszyło się Tuska i Bodnara. Naród się budzi!!! https://t.co/lN08iCUcg3",
    "category": "Original"
  },
  {
    "id": "1833169578735677790",
    "created_at": "2024-09-09T15:44:20.000Z",
    "edit_history_tweet_ids": [
      "1833169578735677790"
    ],
    "text": "Do tej pory Tusk bywał (dosyć często ) dotknięty syndromem „wścieklizny, „wścieka” się systematycznie. Teraz został dotknięty „kompleksem  Boga”. Uznał ,że stoi ponad państwem, konstytucją i wszelkim prawem. 🤷‍♂️",
    "category": "Original"
  },
  {
    "id": "1832365826516656631",
    "created_at": "2024-09-07T10:30:31.000Z",
    "edit_history_tweet_ids": [
      "1832365826516656631"
    ],
    "text": "https://t.co/iZUzYJhrpr",
    "category": "Original"
  },
  {
    "id": "1832354440814199011",
    "created_at": "2024-09-07T09:45:16.000Z",
    "edit_history_tweet_ids": [
      "1832354440814199011"
    ],
    "text": "Te same „dziwne zawirowania”jakie towarzyszyły decyzjom (a właściwie brakom decyzji) pożytecznych idiotów Berlina wokół CPK, obserwujemy dzisiaj wokół budowy terminala kontenerowego w Świnoujściu. I pewno tak jak dziś dowiadujemy się,że CPK powstanie ale we Frankfurcie,tak samo… https://t.co/ESp14KhNr0 https://t.co/VV9eXzmSMe",
    "category": "Original"
  },
  {
    "id": "1831954484102050277",
    "created_at": "2024-09-06T07:15:59.000Z",
    "edit_history_tweet_ids": [
      "1831954484102050277"
    ],
    "text": "Odszedł wielki człowiek, Będzie nam Ciebie Kapitanie bardzo brakowało.Pilnuj tam z góry naszej morskiej Ojczyzny dla której poświęciłeś całe swoje piękne życie.❤️ Zmarł Kapitan Żeglugi Wielkiej Zbigniew Sulatycki – https://t.co/L2t1Ae0bsO https://t.co/QnvkkMusfO",
    "category": "Original"
  },
  {
    "id": "1831315141662519681",
    "created_at": "2024-09-04T12:55:28.000Z",
    "edit_history_tweet_ids": [
      "1831314355071193418",
      "1831315141662519681"
    ],
    "text": "Ło matko bosko, a co tu stanęło się?😳 Taki tekst w #Onet? Sugerowanie, że za brud, wszechobecny smród moczu, burdy i handel narkotykami na ulicach Mediolanu, odpowiadają „nierodowici” Włosi toż to  przecież „mowa nienawiści”🤷‍♂️. Za polubienie spotu opisującego dokładnie taką samą… https://t.co/QQffSnoxSP",
    "category": "Original"
  },
  {
    "id": "1831275340666151130",
    "created_at": "2024-09-04T10:17:19.000Z",
    "edit_history_tweet_ids": [
      "1831275340666151130"
    ],
    "text": "Tusk ma ważniejsze sprawy na głowie, z pomocą Bodnara musi rozwalić #MarszNiepodleglosci.🤷‍♂️ Nie  po to przez wieki Niemiec pluł Polakom twarz,żeby teraz na jakiś marszach patriotycznych albo pod ambasadą Niemiec, jacyś młodzi polscy patrioci źle mówili o niemieckich patronach… https://t.co/OtUKfp0eAP https://t.co/1DsF87lLgZ",
    "category": "Original"
  },
  {
    "id": "1830221376336040226",
    "created_at": "2024-09-01T12:29:14.000Z",
    "edit_history_tweet_ids": [
      "1830221376336040226"
    ],
    "text": "Wspomnienia z  wakacji. Wszędzie dobrze ale na #PomorzeZachodnie❤️najlepiej.😊 Na pewno nie zabraknie nam sił i determinacji do walki o Polskę💪🇵🇱❤️ https://t.co/JVs7CHohxO",
    "category": "Original"
  },
  {
    "id": "1830151609394868306",
    "created_at": "2024-09-01T07:52:00.000Z",
    "edit_history_tweet_ids": [
      "1830151609394868306"
    ],
    "text": "⬛️ 1 września 1939 roku wojska niemieckie zaatakowały Polskę. Kilkanaście dni później do inwazji przystąpiła radziecka Armia Czerwona. W Europie wybuchła #IIWojnaŚwiatowa.\n\n⬛️ #Pamiętamy o wszystkich ofiarach tej brutalnej napaści na Polskę 🇵🇱. Chwała Bohaterom! https://t.co/fG3BKTiiFi",
    "category": "Original"
  },
  {
    "id": "1829804045902520556",
    "created_at": "2024-08-31T08:50:55.000Z",
    "edit_history_tweet_ids": [
      "1829804045902520556"
    ],
    "text": "Dotychczas co miesiąc wpłacałem na partię co miesiąc 3 tys. zł. Od września zgodnie z decyzją władz partii będę wpłacał 5 tys. zł. A Tusk i jego banda prędzej czy później przejdą na śmietnik historii!!! 💪 https://t.co/e5KbALpabC https://t.co/AEwpnrwgtx",
    "category": "Original"
  },
  {
    "id": "1829401326775591005",
    "created_at": "2024-08-30T06:10:39.000Z",
    "edit_history_tweet_ids": [
      "1829401326775591005"
    ],
    "text": "44 lata temu - 30 sierpnia 1980 r., o godz. 8.00, w świetlicy Stoczni Szczecińskiej władze komunistyczne podpisały porozumienie z przedstawicielami strajkujących, zakończyło to strajki na Pomorzu Zachodnim. #Szczecin #PorozumieniaSierpniowe https://t.co/AJl7m1yj9I",
    "category": "Original"
  },
  {
    "id": "1829237210610114689",
    "created_at": "2024-08-29T19:18:31.000Z",
    "edit_history_tweet_ids": [
      "1829237210610114689"
    ],
    "text": "Tusk i jego zwolennicy spod  znaku #yebacpisow, #sinychrazem #niepoarzystnokopytnych z ich „koniowatym guru”na czele dziś triumfują. No cóż, dzięki wam i waszym reprezentantom w PKW Polska zrobiła znaczący krok w kierunku Łukaszenki i Putina. Myślicie ,że zniszczycie nas,… https://t.co/38ZY1skYtK",
    "category": "Original"
  },
  {
    "id": "1828032606442487937",
    "created_at": "2024-08-26T11:31:51.000Z",
    "edit_history_tweet_ids": [
      "1828031775370543218",
      "1828032606442487937"
    ],
    "text": "Wszystkim PObudzonym przez Nitrasa i Szlapke którzy wyrażają ochotę i pragnienie kopulacji z moją partią, uprzejmie informuję ,że realizować tego rodzaju wyuzdane pragnienia możecie tylko na spędach organizowanych przez wspomnianych wyżej (żałosnych ) ministrów, a nie na moim… https://t.co/OFWKWcFlJG",
    "category": "Original"
  },
  {
    "id": "1827962244799267226",
    "created_at": "2024-08-26T06:52:15.000Z",
    "edit_history_tweet_ids": [
      "1827962244799267226"
    ],
    "text": "Nie potępiam\nmłodych ludzi, młodość często\nniesie ze sobą głupotę, naiwność,czasem wulgarną ekspresję. Załośni natomiast są politycy,którzy będąc już starymi ciapami aby przypodobać  się młodym,stylizują się w postawie, ubiorze czy zachowaniu na luzaków i młodzieńców. Prawda jest… https://t.co/m4VSMZK2um https://t.co/CLdtmPulij",
    "category": "Original"
  },
  {
    "id": "1827957959835418764",
    "created_at": "2024-08-26T06:35:14.000Z",
    "edit_history_tweet_ids": [
      "1827957959835418764"
    ],
    "text": "W powietrzu dużo alergenów, minister sportu nie wyczyścił nosa to i podrygiwał🤷‍♂️ https://t.co/AwAVzkY7oP",
    "category": "Original"
  },
  {
    "id": "1826739129184330164",
    "created_at": "2024-08-22T21:52:02.000Z",
    "edit_history_tweet_ids": [
      "1826739129184330164"
    ],
    "text": "Zarobimy chłopczyna jest🤷‍♂️Pomiędzy kręceniem rolek (co to jest poler albo cuma) przyprawiających ludzi morza o ból brzucha ze śmiechu, szuka kwitów i szykanuje ludzi którzy realnie budowali siłę gospodarki morskiej na Pomorzu Zachodnim. Coraz głośniej ludzie powołani przez niego… https://t.co/iQ6gzeNxck https://t.co/JnZjmFQZmk",
    "category": "Original"
  },
  {
    "id": "1825966346288390239",
    "created_at": "2024-08-20T18:41:16.000Z",
    "edit_history_tweet_ids": [
      "1825966346288390239"
    ],
    "text": "Anulka słoneczko, tak jak i inni „uśmiechnięci Polacy” spod znaku #sinychrazem pisze,że od dwóch lat składam pozew za łgarstwa GW o tym,że wyremontowałem mieszkanie za pieniądze PHH. Skan mojego pozwu mam przypięty na X od chwili jego złożenia. Ale dla tych #tuskolubców nie ma… https://t.co/yCBofUhIMr https://t.co/scSwEw4WLM https://t.co/0CQzy1o4Dd",
    "category": "Original"
  },
  {
    "id": "1825580399499554994",
    "created_at": "2024-08-19T17:07:39.000Z",
    "edit_history_tweet_ids": [
      "1825580399499554994"
    ],
    "text": "Skoro sierpień to znaczy, że i tradycyjny spływ starych kumpli z młodzieżowej😉 sekcji kajakarstwa górskiego. #Bialka 😊👍 https://t.co/4isb7mEIod",
    "category": "Original"
  },
  {
    "id": "1823606059342123492",
    "created_at": "2024-08-14T06:22:20.000Z",
    "edit_history_tweet_ids": [
      "1823606059342123492"
    ],
    "text": "Dziś, 14 sierpnia o g. 18.00 w Kościele przy ul. Kr. Korony Polskiej 28 w Szczecinie odbędzie się msza św. w intencji naszego Przyjaciela❤️, byłego wojewody śp. Piotra Jani. Serdecznie zapraszamy. https://t.co/FBf1mXhqAO",
    "category": "Original"
  },
  {
    "id": "1823605421866938695",
    "created_at": "2024-08-14T06:19:48.000Z",
    "edit_history_tweet_ids": [
      "1823605421866938695"
    ],
    "text": "Dziś kolejna rocznica przedwczesnej śmierci naszego Przyjaciela śp. Piotra Jani.❤️Nasza wspólnota @pisorgpl na #PomorzeZachodnie od Twojego odejścia Przyjacielu pozostaje niepełna. Spoczywaj w pokoju i pilnuj naszego kochanego Szczecina tam u góry. https://t.co/sVjWoCrLJP",
    "category": "Original"
  },
  {
    "id": "1820717949360951747",
    "created_at": "2024-08-06T07:06:01.000Z",
    "edit_history_tweet_ids": [
      "1820717949360951747"
    ],
    "text": "Wielu z wczorajszych komentatorów z panami @lis_tomasz, @czuchnowski ,@RadomirWit, i wielu,wielu innych hipokrytów z dziennikarskiej półki „moralnych autorytetów” ,  łaszących się do obecnej władzy tak obrzydliwie,że aż zęby bolą, doznali stuporu porównanego do carskiego żołdaka… https://t.co/MjsXPOtlXH https://t.co/QYYHOGSc9O",
    "category": "Original"
  },
  {
    "id": "1819028071954956291",
    "created_at": "2024-08-01T15:11:02.000Z",
    "edit_history_tweet_ids": [
      "1819028071954956291"
    ],
    "text": "Cześć i Chwała Bohaterom❤️🇵🇱, Godzina „W” w polskich górach. Specjalnie na tę okazję Ignaś założył koszulkę ⁦@LegiaWarszawa⁩ https://t.co/G6SoNwHVK8",
    "category": "Original"
  },
  {
    "id": "1818586483625779670",
    "created_at": "2024-07-31T09:56:20.000Z",
    "edit_history_tweet_ids": [
      "1818586483625779670"
    ],
    "text": "Ależ to przewidywalne i prostackie #krulEU jak zawsze w sytuacji kryzysowej odczekał, zobaczył na reakcje opinii publicznej i łaskawie dał wyraz swojej dezaprobacie. Najzabawniejsze w tym wszystkim jest to, że ci wszyscy którzy do dzisiaj wykazywali bezmiar „bezeceństwa”red.… https://t.co/0oGTuw4jrn https://t.co/Cvjidjbilp",
    "category": "Original"
  },
  {
    "id": "1817191478554227027",
    "created_at": "2024-07-27T13:33:04.000Z",
    "edit_history_tweet_ids": [
      "1817191478554227027"
    ],
    "text": "#FajnaPolska !Tolerancyjna, uśmiechnięta, i pełna empatii do wszystkiego co wykpiwa Polskę wartości i tradycji. Przyjmą z rechotem i aprobatą każdą wulgarną i pełną jadu retorykę atakującą wartości, tradycje, chrześcijaństwo. Ale jak nazwać(zgodnie z prawdą) ich wizję świata,… https://t.co/z3VMHl1daA https://t.co/l5bJ0JvDMn",
    "category": "Original"
  },
  {
    "id": "1816096531801350516",
    "created_at": "2024-07-24T13:02:09.000Z",
    "edit_history_tweet_ids": [
      "1816096531801350516"
    ],
    "text": "Wszystkim Funkcjonariuszom oraz Pracownikom cywilnym @PolskaPolicja najszczersze podziękowania za Waszą codzienną służbę dla Polski 🇵🇱. https://t.co/FtYFwvENfN",
    "category": "Original"
  },
  {
    "id": "1815844067781062702",
    "created_at": "2024-07-23T20:18:57.000Z",
    "edit_history_tweet_ids": [
      "1815844067781062702"
    ],
    "text": "Uśmiechnięta, tolerancyjna, otwarta i nowoczesna „Polska” w wydaniu uśmiechniętej, tolerancyjnej, otwartej „elyty”. Myślę, że wyborcy PSL i powiatowi działacze są wdzięczni liderom swojej partii, (odwołującej się do etosu Wincentego Witosa) za koalicję z tą przedstawicielką… https://t.co/cgoGj5vE2a https://t.co/ZtZMFppVDk",
    "category": "Original"
  },
  {
    "id": "1814362016972415073",
    "created_at": "2024-07-19T18:09:48.000Z",
    "edit_history_tweet_ids": [
      "1814361742056587604",
      "1814361863452320195",
      "1814362016972415073"
    ],
    "text": "„Bez żenady wspierała ówczesną opozycję. Działała na rzecz zmiany rządu w Polsce, blokując środki z #KPO czy uruchamiając artykuł 7. To była skandaliczna, niedopuszczalna #ingerencja w sprawy innego państwa. Zaś to, co ostatnio robiła komisja w obliczu brutalnego łamania prawa… https://t.co/PRFa5iPvna https://t.co/LS5Q9a8nR2",
    "category": "Original"
  },
  {
    "id": "1814168632370290725",
    "created_at": "2024-07-19T05:21:22.000Z",
    "edit_history_tweet_ids": [
      "1814168632370290725"
    ],
    "text": "O godz. 08.00 z #Strasburg będę gościem u Red. @michalrachon w @RepublikaTV #Jedziemy Zapraszam serdecznie.👍",
    "category": "Original"
  },
  {
    "id": "1814017570166448162",
    "created_at": "2024-07-18T19:21:06.000Z",
    "edit_history_tweet_ids": [
      "1814017570166448162"
    ],
    "text": "⚠️ „Oszukiwała pani Polaków co do środków z Krajowego Planu Odbudowy! Pacta sunt servanda. Pani w obecności polskiego premiera, polskiego prezydenta obiecywała odblokowanie środków, a później pani się z tego wycofywała…” ⤵️⤵️\n\nhttps://t.co/q565veZdWa https://t.co/EsWkyEVBrd",
    "category": "Original"
  },
  {
    "id": "1813952594169221419",
    "created_at": "2024-07-18T15:02:54.000Z",
    "edit_history_tweet_ids": [
      "1813952594169221419"
    ],
    "text": "Jak traktowała pani moją ojczyznę – Polskę? Stanowisko szefa komisji wymaga elementarnej przyzwoitości, której na imię #bezstronność. Tymczasem była pani gorsząco stronnicza! #UrsulaVonDenLeyen ⛔️ https://t.co/NdnA5J8vKE",
    "category": "Original"
  },
  {
    "id": "1813914854891135027",
    "created_at": "2024-07-18T12:32:56.000Z",
    "edit_history_tweet_ids": [
      "1813914208171393137",
      "1813914854891135027"
    ],
    "text": "Pan Redaktor i pańska stacja jak rozumiem w 2020 roku stali na stanowisku ,że debaty o Polsce w PE są absolutnie konieczne a dziś, w 2024 (tak jak ci których wtedy wspieraliście) uważacie,że debatowanie w PE o torturowaniu psychicznym i upokarzaniu zatrzymanych kobiet są… https://t.co/bcXl0ePN4u https://t.co/EMcRn9zasW",
    "category": "Original"
  },
  {
    "id": "1813898280620699758",
    "created_at": "2024-07-18T11:27:05.000Z",
    "edit_history_tweet_ids": [
      "1813898280620699758"
    ],
    "text": "🟦 „Jako EKR @ecrgroup poparliśmy 5 lat temu Pani kandydaturę ale nie byliśmy jej entuzjastami. Podjęliśmy tę decyzję wybierając mniejsze zło, bo wtedy konkurował z Panią sfanatyzowany Franz Timmermans.”\n \n🟦 „Pamiętam ówczesne spotkania z Panią, podczas którego mamiła nas Pani… https://t.co/3QGo9pA9Fn https://t.co/WRwyTQZxYY",
    "category": "Original"
  },
  {
    "id": "1813893286651674900",
    "created_at": "2024-07-18T11:07:14.000Z",
    "edit_history_tweet_ids": [
      "1813893286651674900"
    ],
    "text": "Tak,że tak🤷‍♂️ https://t.co/SYble3bAH2",
    "category": "Original"
  },
  {
    "id": "1813889661326037480",
    "created_at": "2024-07-18T10:52:50.000Z",
    "edit_history_tweet_ids": [
      "1813889661326037480"
    ],
    "text": "„Szanowna Pani Ursulo von der Leyen, była Pani bardzo słabą przewodniczącą by nie powiedzieć najgorszą!” https://t.co/feukQqYTv0 https://t.co/EdNpn1WIJA",
    "category": "Original"
  },
  {
    "id": "1813874190032003453",
    "created_at": "2024-07-18T09:51:21.000Z",
    "edit_history_tweet_ids": [
      "1813874146570592403",
      "1813874190032003453"
    ],
    "text": "⚠️ Dzisiejsza debata dot. wyboru przewodniczącego Komisji Europejskiej.\n\n⛔️ NIE możemy poprzeć Ursuli von der Leyen! @vonderleyen!\n\n@pisorgpl @ecrgroup #Strasburg https://t.co/QWwhEwjDS6",
    "category": "Original"
  },
  {
    "id": "1813642020671336521",
    "created_at": "2024-07-17T18:28:48.000Z",
    "edit_history_tweet_ids": [
      "1813642020671336521"
    ],
    "text": "Podczas posiedzeń #PE w #Strasburg, w każdą środę dzięki posłudze Ojca Dominikanina z Paryża, katolicy mogą uczestniczyć na terenie #PE (mała schowana salka, jak pierwsi chrześcijanie w katakumbach)) w Eucharystii. Europa albo będzie chrześcijańska albo nie będzie jej wcale🤷‍♂️ https://t.co/osKN6QXZ3S",
    "category": "Original"
  },
  {
    "id": "1813587731567845393",
    "created_at": "2024-07-17T14:53:04.000Z",
    "edit_history_tweet_ids": [
      "1813587731567845393"
    ],
    "text": "Posłowie Grupy EKR @ecrgroup pracujący w Komisji Kontroli Budżetowej #CONT wybrali mnie dziś koordynatorem komisji. Zastępcą został szwedzki deputowany Dick Erixon. https://t.co/92u5lQqmOn",
    "category": "Original"
  },
  {
    "id": "1813587731567845393",
    "edit_history_tweet_ids": [
      "1813587731567845393"
    ],
    "created_at": "2024-07-17T14:53:04.000Z",
    "text": "Posłowie Grupy EKR @ecrgroup pracujący w Komisji Kontroli Budżetowej #CONT wybrali mnie dziś koordynatorem komisji. Zastępcą został szwedzki deputowany Dick Erixon. https://t.co/92u5lQqmOn",
    "category": "Original"
  }
]