[
  {
    "lang": "pl",
    "author_id": "118739645",
    "public_metrics": {
      "retweet_count": 453,
      "reply_count": 1469,
      "like_count": 5984,
      "quote_count": 132,
      "bookmark_count": 29,
      "impression_count": 263609
    },
    "possibly_sensitive": false,
    "created_at": "2024-03-26T13:10:53.000Z",
    "text": "A to dopiero początek…",
    "edit_history_tweet_ids": [
      "1772612185765601619"
    ],
    "reply_settings": "everyone",
    "id": "1772612185765601619",
    "conversation_id": "1772612185765601619",
    "edit_controls": {
      "edits_remaining": 5,
      "is_edit_eligible": true,
      "editable_until": "2024-03-26 14:10:53+00:00"
    },
    "category": "Original"
  },
  {
    "entities": {
      "urls": [
        {
          "start": 64,
          "end": 87,
          "url": "https://t.co/3NN9n3OnN1",
          "expanded_url": "https://twitter.com/donaldtusk/status/1771054210123018591",
          "display_url": "x.com/donaldtusk/sta…"
        }
      ]
    },
    "lang": "pl",
    "author_id": "118739645",
    "public_metrics": {
      "retweet_count": 197,
      "reply_count": 1564,
      "like_count": 1831,
      "quote_count": 31,
      "bookmark_count": 38,
      "impression_count": 215999
    },
    "possibly_sensitive": false,
    "created_at": "2024-03-22T06:23:54.000Z",
    "referenced_tweets": [
      {
        "type": "quoted",
        "id": "1771054210123018591"
      }
    ],
    "text": "Zobaczcie, ile dobrego udało nam się zrobić przez 100 dni. 🇵🇱❤️ https://t.co/3NN9n3OnN1",
    "edit_history_tweet_ids": [
      "1771060214843761066"
    ],
    "reply_settings": "everyone",
    "id": "1771060214843761066",
    "conversation_id": "1771060214843761066",
    "edit_controls": {
      "edits_remaining": 5,
      "is_edit_eligible": true,
      "editable_until": "2024-03-22 07:23:54+00:00"
    },
    "category": "Quote"
  },
  {
    "lang": "pl",
    "author_id": "118739645",
    "public_metrics": {
      "retweet_count": 131,
      "reply_count": 556,
      "like_count": 1600,
      "quote_count": 10,
      "bookmark_count": 2,
      "impression_count": 70065
    },
    "possibly_sensitive": false,
    "created_at": "2024-03-21T14:04:06.000Z",
    "text": "Czasy się zmieniają, ale prezydent zawsze po ciemnej stronie (nie)mocy…",
    "edit_history_tweet_ids": [
      "1770813640712610254"
    ],
    "reply_settings": "everyone",
    "id": "1770813640712610254",
    "conversation_id": "1770813640712610254",
    "edit_controls": {
      "edits_remaining": 5,
      "is_edit_eligible": true,
      "editable_until": "2024-03-21 15:04:06+00:00"
    },
    "category": "Original"
  },
  {
    "lang": "pl",
    "author_id": "118739645",
    "public_metrics": {
      "retweet_count": 741,
      "reply_count": 634,
      "like_count": 3850,
      "quote_count": 95,
      "bookmark_count": 48,
      "impression_count": 219828
    },
    "possibly_sensitive": false,
    "created_at": "2024-03-16T12:53:30.000Z",
    "text": "Za zaniechania dotyczące braku grantów dla polskich zakładów zbrojeniowych Błaszczak i reszta powinni stanąć przed Trybunałem Stanu. Wnioski do KE należało składać w okresie październik - grudzień 2023 r. Wtedy oni zajmowali się kampanią wyborczą, a potem udawali, że tworzą rząd.",
    "edit_history_tweet_ids": [
      "1768983932752527475"
    ],
    "reply_settings": "everyone",
    "id": "1768983932752527475",
    "conversation_id": "1768983932752527475",
    "edit_controls": {
      "edits_remaining": 5,
      "is_edit_eligible": true,
      "editable_until": "2024-03-16 13:53:30+00:00"
    },
    "category": "Original"
  },
  {
    "lang": "pl",
    "author_id": "118739645",
    "public_metrics": {
      "retweet_count": 261,
      "reply_count": 755,
      "like_count": 2929,
      "quote_count": 23,
      "bookmark_count": 9,
      "impression_count": 108891
    },
    "possibly_sensitive": false,
    "created_at": "2024-03-15T14:34:51.000Z",
    "text": "Człowiek, który od zawsze swoją politykę budował na kłamstwie, odmawia złożenia przyrzeczenia mówienia prawdy. Paradoks?",
    "edit_history_tweet_ids": [
      "1768647051657547873"
    ],
    "reply_settings": "everyone",
    "id": "1768647051657547873",
    "conversation_id": "1768647051657547873",
    "edit_controls": {
      "edits_remaining": 5,
      "is_edit_eligible": true,
      "editable_until": "2024-03-15 15:34:51+00:00"
    },
    "category": "Original"
  },
  {
    "lang": "pl",
    "author_id": "118739645",
    "public_metrics": {
      "retweet_count": 635,
      "reply_count": 1675,
      "like_count": 6260,
      "quote_count": 81,
      "bookmark_count": 45,
      "impression_count": 321328
    },
    "possibly_sensitive": false,
    "created_at": "2024-02-01T11:39:09.000Z",
    "text": "Podsumowaniem kariery PiS-owskiego Dyzmy niech będzie kurs akcji Orlenu po jego odwołaniu.",
    "edit_history_tweet_ids": [
      "1753020157713113121"
    ],
    "reply_settings": "everyone",
    "id": "1753020157713113121",
    "conversation_id": "1753020157713113121",
    "edit_controls": {
      "edits_remaining": 5,
      "is_edit_eligible": true,
      "editable_until": "2024-02-01 12:39:09+00:00"
    },
    "category": "Original"
  },
  {
    "entities": {
      "urls": [
        {
          "start": 116,
          "end": 139,
          "url": "https://t.co/lYDO2dsI4X",
          "expanded_url": "https://x.com/bbudka/status/1752785049529860606/photo/1",
          "display_url": "pic.x.com/lYDO2dsI4X",
          "media_key": "3_1752785042881843200"
        }
      ]
    },
    "lang": "pl",
    "author_id": "118739645",
    "public_metrics": {
      "retweet_count": 2717,
      "reply_count": 632,
      "like_count": 8933,
      "quote_count": 214,
      "bookmark_count": 36,
      "impression_count": 296426
    },
    "possibly_sensitive": false,
    "created_at": "2024-01-31T20:04:55.000Z",
    "text": "Ależ to ich musi boleć! Najpierw konieczność wpłaty na WOŚP 10 tys. zł, teraz - przeprosiny. A to dopiero początek… https://t.co/lYDO2dsI4X",
    "edit_history_tweet_ids": [
      "1752785049529860606"
    ],
    "attachments": {
      "media_keys": [
        "3_1752785042881843200"
      ]
    },
    "reply_settings": "everyone",
    "id": "1752785049529860606",
    "conversation_id": "1752785049529860606",
    "edit_controls": {
      "edits_remaining": 5,
      "is_edit_eligible": true,
      "editable_until": "2024-01-31 21:04:55+00:00"
    },
    "category": "Original"
  },
  {
    "lang": "pl",
    "author_id": "118739645",
    "public_metrics": {
      "retweet_count": 698,
      "reply_count": 1589,
      "like_count": 8961,
      "quote_count": 57,
      "bookmark_count": 7,
      "impression_count": 202223
    },
    "possibly_sensitive": false,
    "created_at": "2024-01-23T18:23:55.000Z",
    "text": "Czasy się zmieniają, a prezydent nadal po stronie przestępców. Wstyd.",
    "edit_history_tweet_ids": [
      "1749860530615922887"
    ],
    "reply_settings": "everyone",
    "id": "1749860530615922887",
    "conversation_id": "1749860530615922887",
    "edit_controls": {
      "edits_remaining": 5,
      "is_edit_eligible": true,
      "editable_until": "2024-01-23 19:23:55+00:00"
    },
    "category": "Original"
  },
  {
    "lang": "pl",
    "author_id": "118739645",
    "public_metrics": {
      "retweet_count": 1290,
      "reply_count": 1042,
      "like_count": 8870,
      "quote_count": 86,
      "bookmark_count": 18,
      "impression_count": 183316
    },
    "possibly_sensitive": false,
    "created_at": "2024-01-16T18:05:24.000Z",
    "text": "Nowe władze spółek Skarbu Państwa sprawdzą wszystkie podejrzane umowy zawierane z politycznymi nominatami PiS. Każda nielegalnie zarobiona złotówka zostanie odebrana. Z odsetkami.",
    "edit_history_tweet_ids": [
      "1747319152711217585"
    ],
    "reply_settings": "everyone",
    "id": "1747319152711217585",
    "conversation_id": "1747319152711217585",
    "edit_controls": {
      "edits_remaining": 5,
      "is_edit_eligible": true,
      "editable_until": "2024-01-16 19:05:24+00:00"
    },
    "category": "Original"
  },
  {
    "entities": {
      "urls": [
        {
          "start": 20,
          "end": 43,
          "url": "https://t.co/wX5wKY13xQ",
          "expanded_url": "https://twitter.com/MS_GOV_PL/status/1745843184972796006",
          "display_url": "x.com/MS_GOV_PL/stat…"
        }
      ],
      "mentions": [
        {
          "start": 6,
          "end": 15,
          "username": "Adbodnar",
          "id": "46060658"
        }
      ]
    },
    "lang": "pl",
    "author_id": "118739645",
    "public_metrics": {
      "retweet_count": 147,
      "reply_count": 373,
      "like_count": 2691,
      "quote_count": 12,
      "bookmark_count": 0,
      "impression_count": 67156
    },
    "possibly_sensitive": false,
    "created_at": "2024-01-12T17:13:34.000Z",
    "referenced_tweets": [
      {
        "type": "quoted",
        "id": "1745843184972796006"
      }
    ],
    "text": "Brawo @Adbodnar 👏👏👏 https://t.co/wX5wKY13xQ",
    "edit_history_tweet_ids": [
      "1745856557483503702"
    ],
    "reply_settings": "everyone",
    "id": "1745856557483503702",
    "conversation_id": "1745856557483503702",
    "edit_controls": {
      "edits_remaining": 5,
      "is_edit_eligible": true,
      "editable_until": "2024-01-12 18:13:34+00:00"
    },
    "category": "Quote"
  },
  {
    "lang": "pl",
    "author_id": "118739645",
    "public_metrics": {
      "retweet_count": 978,
      "reply_count": 3255,
      "like_count": 12326,
      "quote_count": 153,
      "bookmark_count": 28,
      "impression_count": 423221
    },
    "possibly_sensitive": false,
    "created_at": "2024-01-09T18:51:54.000Z",
    "text": "Kończy się epoka folwarku zwierzęcego Kaczyńskiego. Od dziś znowu wszyscy są równi wobec prawa. Bez wyjątków.",
    "edit_history_tweet_ids": [
      "1744794139470766502"
    ],
    "reply_settings": "everyone",
    "id": "1744794139470766502",
    "conversation_id": "1744794139470766502",
    "edit_controls": {
      "edits_remaining": 5,
      "is_edit_eligible": true,
      "editable_until": "2024-01-09 19:51:54+00:00"
    },
    "category": "Original"
  },
  {
    "lang": "pl",
    "author_id": "118739645",
    "public_metrics": {
      "retweet_count": 675,
      "reply_count": 943,
      "like_count": 7440,
      "quote_count": 52,
      "bookmark_count": 9,
      "impression_count": 248787
    },
    "possibly_sensitive": false,
    "created_at": "2024-01-03T13:05:10.000Z",
    "text": "Kolejna dobra wiadomość. Wojciech Kałuża - symbol tego, co najgorsze w PiS - odwołany z zarządu JSW S.A.",
    "edit_history_tweet_ids": [
      "1742532555105026138"
    ],
    "reply_settings": "everyone",
    "id": "1742532555105026138",
    "conversation_id": "1742532555105026138",
    "edit_controls": {
      "edits_remaining": 5,
      "is_edit_eligible": true,
      "editable_until": "2024-01-03 14:05:10+00:00"
    },
    "category": "Original"
  },
  {
    "entities": {
      "urls": [
        {
          "start": 78,
          "end": 101,
          "url": "https://t.co/OE66itsjNs",
          "expanded_url": "https://x.com/bbudka/status/1742283362843218172/photo/1",
          "display_url": "pic.x.com/OE66itsjNs",
          "media_key": "3_1742283356757176320"
        }
      ]
    },
    "lang": "pl",
    "author_id": "118739645",
    "public_metrics": {
      "retweet_count": 664,
      "reply_count": 464,
      "like_count": 3436,
      "quote_count": 36,
      "bookmark_count": 24,
      "impression_count": 345207
    },
    "possibly_sensitive": false,
    "created_at": "2024-01-02T20:34:58.000Z",
    "text": "Ku przestrodze! Uważajcie na takie SMS-y i nigdy nie klikajcie w podany link. https://t.co/OE66itsjNs",
    "edit_history_tweet_ids": [
      "1742283362843218172"
    ],
    "attachments": {
      "media_keys": [
        "3_1742283356757176320"
      ]
    },
    "reply_settings": "everyone",
    "id": "1742283362843218172",
    "conversation_id": "1742283362843218172",
    "edit_controls": {
      "edits_remaining": 5,
      "is_edit_eligible": true,
      "editable_until": "2024-01-02 21:34:58+00:00"
    },
    "category": "Original"
  },
  {
    "lang": "pl",
    "author_id": "118739645",
    "public_metrics": {
      "retweet_count": 53,
      "reply_count": 161,
      "like_count": 929,
      "quote_count": 6,
      "bookmark_count": 1,
      "impression_count": 42187
    },
    "possibly_sensitive": false,
    "created_at": "2024-01-01T10:56:38.000Z",
    "text": "Wyjątkowo smutno rozpoczął się ten nowy rok. Odeszła Iwona Śledzińska-Katarsińska - nestorka polskiego parlamentu. Była dla nas nauczycielką, koleżanką ale i surową recenzentką. Wiele wymagała nie tylko od innych, lecz przede wszystkim od siebie. Będzie nam Ciebie brakowało…🩶",
    "edit_history_tweet_ids": [
      "1741775431336910951"
    ],
    "reply_settings": "everyone",
    "id": "1741775431336910951",
    "conversation_id": "1741775431336910951",
    "edit_controls": {
      "edits_remaining": 5,
      "is_edit_eligible": true,
      "editable_until": "2024-01-01 11:56:38+00:00"
    },
    "category": "Original"
  },
  {
    "entities": {
      "urls": [
        {
          "start": 32,
          "end": 55,
          "url": "https://t.co/FMEZen51XF",
          "expanded_url": "https://twitter.com/donaldtusk/status/1741173306110448114",
          "display_url": "x.com/donaldtusk/sta…"
        }
      ]
    },
    "lang": "pl",
    "author_id": "118739645",
    "public_metrics": {
      "retweet_count": 230,
      "reply_count": 670,
      "like_count": 4057,
      "quote_count": 17,
      "bookmark_count": 10,
      "impression_count": 102044
    },
    "possibly_sensitive": false,
    "created_at": "2023-12-30T19:33:11.000Z",
    "referenced_tweets": [
      {
        "type": "quoted",
        "id": "1741173306110448114"
      }
    ],
    "text": "Dziękujemy Wam za 2023 rok 🇵🇱❤️ https://t.co/FMEZen51XF",
    "edit_history_tweet_ids": [
      "1741180652722995309"
    ],
    "reply_settings": "everyone",
    "id": "1741180652722995309",
    "conversation_id": "1741180652722995309",
    "edit_controls": {
      "edits_remaining": 5,
      "is_edit_eligible": true,
      "editable_until": "2023-12-30 20:33:11+00:00"
    },
    "category": "Quote"
  },
  {
    "lang": "pl",
    "author_id": "118739645",
    "public_metrics": {
      "retweet_count": 1179,
      "reply_count": 1659,
      "like_count": 11297,
      "quote_count": 131,
      "bookmark_count": 19,
      "impression_count": 571740
    },
    "possibly_sensitive": false,
    "created_at": "2023-12-29T19:31:47.000Z",
    "text": "Dziś odwołałem Zbigniewa Gryglasa ze składu rady nadzorczej PGE S.A. Wkrótce kolejne dobre zmiany w spółkach Skarbu Państwa.",
    "edit_history_tweet_ids": [
      "1740817910124384586"
    ],
    "reply_settings": "everyone",
    "id": "1740817910124384586",
    "conversation_id": "1740817910124384586",
    "edit_controls": {
      "edits_remaining": 5,
      "is_edit_eligible": true,
      "editable_until": "2023-12-29 20:31:47+00:00"
    },
    "category": "Original"
  },
  {
    "entities": {
      "urls": [
        {
          "start": 97,
          "end": 120,
          "url": "https://t.co/vV4ZZwzCbn",
          "expanded_url": "https://x.com/bbudka/status/1740424854497907104/photo/1",
          "display_url": "pic.x.com/vV4ZZwzCbn",
          "media_key": "3_1740424848826867712"
        }
      ]
    },
    "lang": "pl",
    "author_id": "118739645",
    "public_metrics": {
      "retweet_count": 500,
      "reply_count": 688,
      "like_count": 4134,
      "quote_count": 21,
      "bookmark_count": 4,
      "impression_count": 79608
    },
    "possibly_sensitive": false,
    "created_at": "2023-12-28T17:29:55.000Z",
    "text": "Przez 8 lat prezydentowi jakoś nie przeszkadzało „dojenie” TVP przez PiS-owskich propagandystów. https://t.co/vV4ZZwzCbn",
    "edit_history_tweet_ids": [
      "1740424854497907104"
    ],
    "attachments": {
      "media_keys": [
        "3_1740424848826867712"
      ]
    },
    "reply_settings": "everyone",
    "id": "1740424854497907104",
    "conversation_id": "1740424854497907104",
    "edit_controls": {
      "edits_remaining": 5,
      "is_edit_eligible": true,
      "editable_until": "2023-12-28 18:29:55+00:00"
    },
    "category": "Original"
  },
  {
    "lang": "pl",
    "author_id": "118739645",
    "public_metrics": {
      "retweet_count": 1059,
      "reply_count": 1401,
      "like_count": 7801,
      "quote_count": 65,
      "bookmark_count": 12,
      "impression_count": 260186
    },
    "possibly_sensitive": false,
    "created_at": "2023-12-23T19:26:18.000Z",
    "text": "W ustawie zawetowanej przez prezydenta są również środki na wsparcie górnictwa i Poczty Polskiej. Rozumiem, że Solidarność już szykuje protest przed Pałacem?",
    "edit_history_tweet_ids": [
      "1738642205957321163"
    ],
    "reply_settings": "everyone",
    "id": "1738642205957321163",
    "conversation_id": "1738642205957321163",
    "edit_controls": {
      "edits_remaining": 5,
      "is_edit_eligible": true,
      "editable_until": "2023-12-23 20:26:18+00:00"
    },
    "category": "Original"
  },
  {
    "entities": {
      "urls": [
        {
          "start": 82,
          "end": 105,
          "url": "https://t.co/JoU0167CrX",
          "expanded_url": "https://twitter.com/BGoduslawski/status/1737933683527463102",
          "display_url": "x.com/BGoduslawski/s…"
        }
      ],
      "mentions": [
        {
          "start": 62,
          "end": 77,
          "username": "Domanski_Andrz",
          "id": "2485035581"
        }
      ]
    },
    "lang": "pl",
    "author_id": "118739645",
    "public_metrics": {
      "retweet_count": 486,
      "reply_count": 423,
      "like_count": 3603,
      "quote_count": 16,
      "bookmark_count": 11,
      "impression_count": 111636
    },
    "possibly_sensitive": false,
    "created_at": "2023-12-21T20:35:14.000Z",
    "referenced_tweets": [
      {
        "type": "quoted",
        "id": "1737933683527463102"
      }
    ],
    "text": "Kolejny krok w przywracaniu elementarnej przyzwoitości. Brawo @Domanski_Andrz 💪✌️ https://t.co/JoU0167CrX",
    "edit_history_tweet_ids": [
      "1737934777817112835"
    ],
    "reply_settings": "everyone",
    "id": "1737934777817112835",
    "conversation_id": "1737934777817112835",
    "edit_controls": {
      "edits_remaining": 5,
      "is_edit_eligible": true,
      "editable_until": "2023-12-21 21:35:14+00:00"
    },
    "category": "Quote"
  },
  {
    "entities": {
      "urls": [
        {
          "start": 16,
          "end": 39,
          "url": "https://t.co/mLquYLtJHR",
          "expanded_url": "https://x.com/bbudka/status/1737884125313302729/photo/1",
          "display_url": "pic.x.com/mLquYLtJHR",
          "media_key": "3_1737884118292029440"
        }
      ]
    },
    "lang": "pl",
    "author_id": "118739645",
    "public_metrics": {
      "retweet_count": 740,
      "reply_count": 1606,
      "like_count": 8019,
      "quote_count": 197,
      "bookmark_count": 73,
      "impression_count": 829751
    },
    "possibly_sensitive": false,
    "created_at": "2023-12-21T17:13:58.000Z",
    "text": "Bez komentarza… https://t.co/mLquYLtJHR",
    "edit_history_tweet_ids": [
      "1737884125313302729"
    ],
    "attachments": {
      "media_keys": [
        "3_1737884118292029440"
      ]
    },
    "reply_settings": "everyone",
    "id": "1737884125313302729",
    "conversation_id": "1737884125313302729",
    "edit_controls": {
      "edits_remaining": 5,
      "is_edit_eligible": true,
      "editable_until": "2023-12-21 18:13:58+00:00"
    },
    "category": "Original"
  },
  {
    "entities": {
      "urls": [
        {
          "start": 155,
          "end": 178,
          "url": "https://t.co/zYg2RVlAn0",
          "expanded_url": "https://x.com/bbudka/status/1737205893874270647/photo/1",
          "display_url": "pic.x.com/zYg2RVlAn0",
          "media_key": "3_1737205888258101248"
        }
      ]
    },
    "lang": "pl",
    "author_id": "118739645",
    "public_metrics": {
      "retweet_count": 56,
      "reply_count": 128,
      "like_count": 588,
      "quote_count": 5,
      "bookmark_count": 2,
      "impression_count": 22632
    },
    "possibly_sensitive": false,
    "created_at": "2023-12-19T20:18:55.000Z",
    "text": "Klub Parlamentarny Koalicji Obywatelskiej ma nowego Przewodniczącego. To wielka radość móc przekazać stery posłowi Konwińskiemu! Powodzenia, Zbychu! 💪✌️🇵🇱 https://t.co/zYg2RVlAn0",
    "edit_history_tweet_ids": [
      "1737205893874270647"
    ],
    "attachments": {
      "media_keys": [
        "3_1737205888258101248"
      ]
    },
    "reply_settings": "everyone",
    "id": "1737205893874270647",
    "conversation_id": "1737205893874270647",
    "edit_controls": {
      "edits_remaining": 5,
      "is_edit_eligible": true,
      "editable_until": "2023-12-19 21:18:55+00:00"
    },
    "category": "Original"
  },
  {
    "entities": {
      "urls": [
        {
          "start": 169,
          "end": 192,
          "url": "https://t.co/J6l7OEh1Qw",
          "expanded_url": "https://x.com/bbudka/status/1736353533262209094/photo/1",
          "display_url": "pic.x.com/J6l7OEh1Qw",
          "media_key": "3_1736353527604154368"
        }
      ]
    },
    "lang": "pl",
    "author_id": "118739645",
    "public_metrics": {
      "retweet_count": 77,
      "reply_count": 146,
      "like_count": 777,
      "quote_count": 7,
      "bookmark_count": 0,
      "impression_count": 33756
    },
    "possibly_sensitive": false,
    "created_at": "2023-12-17T11:51:56.000Z",
    "text": "Dziękuję wolontariuszom ze Szlachetnej Paczki, że kolejny raz wspólnie z przyjaciółmi z Gliwic mogliśmy dorzucić naszą cegiełkę do tej niezwykłej akcji. Warto pomagać 🫶 https://t.co/J6l7OEh1Qw",
    "edit_history_tweet_ids": [
      "1736353533262209094"
    ],
    "attachments": {
      "media_keys": [
        "3_1736353527604154368"
      ]
    },
    "reply_settings": "everyone",
    "id": "1736353533262209094",
    "conversation_id": "1736353533262209094",
    "edit_controls": {
      "edits_remaining": 5,
      "is_edit_eligible": true,
      "editable_until": "2023-12-17 12:51:56+00:00"
    },
    "category": "Original"
  },
  {
    "lang": "pl",
    "author_id": "118739645",
    "public_metrics": {
      "retweet_count": 1334,
      "reply_count": 692,
      "like_count": 9890,
      "quote_count": 70,
      "bookmark_count": 13,
      "impression_count": 180869
    },
    "possibly_sensitive": false,
    "created_at": "2023-12-15T11:53:26.000Z",
    "text": "Już prawomocnie. Tomasz Sakiewicz i Gazeta Polska muszą przeprosić mnie za kłamliwą okładkę i wpłacić 10 tys. zł na WOŚP.",
    "edit_history_tweet_ids": [
      "1735629134347252021"
    ],
    "reply_settings": "everyone",
    "id": "1735629134347252021",
    "conversation_id": "1735629134347252021",
    "edit_controls": {
      "edits_remaining": 5,
      "is_edit_eligible": true,
      "editable_until": "2023-12-15 12:53:26+00:00"
    },
    "category": "Original"
  },
  {
    "entities": {
      "urls": [
        {
          "start": 25,
          "end": 48,
          "url": "https://t.co/USkcITVG4u",
          "expanded_url": "https://twitter.com/donaldtusk/status/1735591051920814490",
          "display_url": "x.com/donaldtusk/sta…"
        }
      ]
    },
    "lang": "pl",
    "author_id": "118739645",
    "public_metrics": {
      "retweet_count": 136,
      "reply_count": 708,
      "like_count": 2473,
      "quote_count": 18,
      "bookmark_count": 1,
      "impression_count": 84227
    },
    "possibly_sensitive": false,
    "created_at": "2023-12-15T10:56:43.000Z",
    "referenced_tweets": [
      {
        "type": "quoted",
        "id": "1735591051920814490"
      }
    ],
    "text": "A to dopiero początek ✌️ https://t.co/USkcITVG4u",
    "edit_history_tweet_ids": [
      "1735614861457928632"
    ],
    "reply_settings": "everyone",
    "id": "1735614861457928632",
    "conversation_id": "1735614861457928632",
    "edit_controls": {
      "edits_remaining": 5,
      "is_edit_eligible": true,
      "editable_until": "2023-12-15 11:56:43+00:00"
    },
    "category": "Quote"
  },
  {
    "lang": "pl",
    "author_id": "118739645",
    "public_metrics": {
      "retweet_count": 1186,
      "reply_count": 2183,
      "like_count": 18341,
      "quote_count": 159,
      "bookmark_count": 46,
      "impression_count": 694195
    },
    "possibly_sensitive": false,
    "created_at": "2023-12-13T19:26:33.000Z",
    "text": "Potwierdzam. Odwołałem Janinę Goss z rady nadzorczej Orlen S.A.",
    "edit_history_tweet_ids": [
      "1735018390165557326"
    ],
    "reply_settings": "everyone",
    "id": "1735018390165557326",
    "conversation_id": "1735018390165557326",
    "edit_controls": {
      "edits_remaining": 5,
      "is_edit_eligible": true,
      "editable_until": "2023-12-13 20:26:33+00:00"
    },
    "category": "Original"
  },
  {
    "entities": {
      "urls": [
        {
          "start": 66,
          "end": 89,
          "url": "https://t.co/w600rstbE1",
          "expanded_url": "https://x.com/bbudka/status/1734841559261053065/photo/1",
          "display_url": "pic.x.com/w600rstbE1",
          "media_key": "3_1734841549010223104"
        }
      ]
    },
    "lang": "pl",
    "author_id": "118739645",
    "public_metrics": {
      "retweet_count": 140,
      "reply_count": 655,
      "like_count": 5537,
      "quote_count": 19,
      "bookmark_count": 1,
      "impression_count": 105453
    },
    "possibly_sensitive": false,
    "created_at": "2023-12-13T07:43:54.000Z",
    "text": "W najważniejszych chwilach zawsze można liczyć na Najbliższych ❤️ https://t.co/w600rstbE1",
    "edit_history_tweet_ids": [
      "1734841559261053065"
    ],
    "attachments": {
      "media_keys": [
        "3_1734841549010223104"
      ]
    },
    "reply_settings": "everyone",
    "id": "1734841559261053065",
    "conversation_id": "1734841559261053065",
    "edit_controls": {
      "edits_remaining": 5,
      "is_edit_eligible": true,
      "editable_until": "2023-12-13 08:43:54+00:00"
    },
    "category": "Original"
  },
  {
    "lang": "pl",
    "author_id": "118739645",
    "public_metrics": {
      "retweet_count": 290,
      "reply_count": 1116,
      "like_count": 6031,
      "quote_count": 24,
      "bookmark_count": 5,
      "impression_count": 113204
    },
    "possibly_sensitive": false,
    "created_at": "2023-12-11T15:18:17.000Z",
    "text": "Koniec tej szopki. Koniec PiS.",
    "edit_history_tweet_ids": [
      "1734231134752436360"
    ],
    "reply_settings": "everyone",
    "id": "1734231134752436360",
    "conversation_id": "1734231134752436360",
    "edit_controls": {
      "edits_remaining": 5,
      "is_edit_eligible": true,
      "editable_until": "2023-12-11 16:18:17+00:00"
    },
    "category": "Original"
  },
  {
    "lang": "pl",
    "author_id": "118739645",
    "public_metrics": {
      "retweet_count": 458,
      "reply_count": 1508,
      "like_count": 2576,
      "quote_count": 55,
      "bookmark_count": 5,
      "impression_count": 111046
    },
    "possibly_sensitive": false,
    "created_at": "2023-12-02T08:41:47.000Z",
    "text": "Przez ostatnie lata spółki Skarbu Państwa były zapleczem PiS. Drenowały kieszenie Polaków. Finansowały kampanię wyborczą oraz podmioty powiązane z władzą. Prezesi wpłacali olbrzymie kwoty na partyjne konta. Dziś słychać wycie, bo kończymy z prywatnym folwarkiem Kaczyńskiego.",
    "edit_history_tweet_ids": [
      "1730869859913789913"
    ],
    "reply_settings": "everyone",
    "id": "1730869859913789913",
    "conversation_id": "1730869859913789913",
    "edit_controls": {
      "edits_remaining": 5,
      "is_edit_eligible": true,
      "editable_until": "2023-12-02 09:41:47+00:00"
    },
    "category": "Original"
  },
  {
    "lang": "pl",
    "author_id": "118739645",
    "public_metrics": {
      "retweet_count": 493,
      "reply_count": 495,
      "like_count": 2869,
      "quote_count": 26,
      "bookmark_count": 10,
      "impression_count": 163229
    },
    "possibly_sensitive": false,
    "created_at": "2023-11-30T19:00:27.000Z",
    "text": "Wystarczyło sprawdzić, że pliki na stronie Sejmu zamieszczane są przez pracownika Ośrodka Informatyki. Tweety dziennikarzy gorliwie rozpowszechnili politycy PiS. Tak tworzy się fakenewsy.",
    "edit_history_tweet_ids": [
      "1730300777300734024"
    ],
    "reply_settings": "everyone",
    "id": "1730300777300734024",
    "conversation_id": "1730300777300734024",
    "edit_controls": {
      "edits_remaining": 5,
      "is_edit_eligible": true,
      "editable_until": "2023-11-30 20:00:27+00:00"
    },
    "category": "Original"
  },
  {
    "entities": {
      "urls": [
        {
          "start": 164,
          "end": 187,
          "url": "https://t.co/mathxshI1R",
          "expanded_url": "https://x.com/bbudka/status/1729819596943745354/photo/1",
          "display_url": "pic.x.com/mathxshI1R",
          "media_key": "3_1729819591717642240"
        }
      ]
    },
    "lang": "pl",
    "author_id": "118739645",
    "public_metrics": {
      "retweet_count": 763,
      "reply_count": 609,
      "like_count": 4114,
      "quote_count": 95,
      "bookmark_count": 9,
      "impression_count": 175243
    },
    "possibly_sensitive": false,
    "created_at": "2023-11-29T11:08:25.000Z",
    "text": "Liczy się skuteczność. PiS wycofuje Mateckiego ze składu komisji sprawiedliwości i praw człowieka. Ale to dopiero początek. Każda niegodziwość zostanie rozliczona. https://t.co/mathxshI1R",
    "edit_history_tweet_ids": [
      "1729819596943745354"
    ],
    "attachments": {
      "media_keys": [
        "3_1729819591717642240"
      ]
    },
    "reply_settings": "everyone",
    "id": "1729819596943745354",
    "conversation_id": "1729819596943745354",
    "edit_controls": {
      "edits_remaining": 5,
      "is_edit_eligible": true,
      "editable_until": "2023-11-29 12:08:25+00:00"
    },
    "category": "Original"
  },
  {
    "entities": {
      "urls": [
        {
          "start": 24,
          "end": 47,
          "url": "https://t.co/xDnzaP2r0h",
          "expanded_url": "https://twitter.com/donaldtusk/status/1727775119437697269",
          "display_url": "x.com/donaldtusk/sta…"
        }
      ]
    },
    "lang": "pl",
    "author_id": "118739645",
    "public_metrics": {
      "retweet_count": 287,
      "reply_count": 553,
      "like_count": 3014,
      "quote_count": 26,
      "bookmark_count": 4,
      "impression_count": 88002
    },
    "possibly_sensitive": false,
    "created_at": "2023-11-23T19:53:44.000Z",
    "referenced_tweets": [
      {
        "type": "quoted",
        "id": "1727775119437697269"
      }
    ],
    "text": "A potem - cała naprzód! https://t.co/xDnzaP2r0h",
    "edit_history_tweet_ids": [
      "1727777473423708482"
    ],
    "reply_settings": "everyone",
    "id": "1727777473423708482",
    "conversation_id": "1727777473423708482",
    "edit_controls": {
      "edits_remaining": 5,
      "is_edit_eligible": true,
      "editable_until": "2023-11-23 20:53:44+00:00"
    },
    "category": "Quote"
  },
  {
    "lang": "pl",
    "author_id": "118739645",
    "public_metrics": {
      "retweet_count": 688,
      "reply_count": 1289,
      "like_count": 5130,
      "quote_count": 60,
      "bookmark_count": 21,
      "impression_count": 444312
    },
    "possibly_sensitive": false,
    "created_at": "2023-11-20T21:17:54.000Z",
    "text": "Okradał własną rodzinę, robił interesy z gangsterami, partyjni koledzy wyciągnęli go z ławy oskarżonych i postawili na czele państwowego molocha. Historia zatoczy koło i w końcu wrócił na ławę oskarżonych. Im bardziej wyją, tym większa będzie nasza determinacja, by ich rozliczyć.",
    "edit_history_tweet_ids": [
      "1726711487555936457"
    ],
    "reply_settings": "everyone",
    "id": "1726711487555936457",
    "conversation_id": "1726711487555936457",
    "edit_controls": {
      "edits_remaining": 5,
      "is_edit_eligible": true,
      "editable_until": "2023-11-20 22:17:54+00:00"
    },
    "category": "Original"
  },
  {
    "lang": "pl",
    "author_id": "118739645",
    "public_metrics": {
      "retweet_count": 273,
      "reply_count": 214,
      "like_count": 2014,
      "quote_count": 9,
      "bookmark_count": 7,
      "impression_count": 74887
    },
    "possibly_sensitive": false,
    "created_at": "2023-11-20T17:14:22.000Z",
    "text": "Kandydatką sejmowej demokratycznej większości na Rzecznika Praw Dziecka jest mecenas Monika Horna-Cieślak. Wiedza, przygotowanie zawodowe i kilkunastoletnie doświadczenie wsparte rekomendacjami organizacji pozarządowych dają gwarancje, że to najlepszy wybór. Trzymam kciuki!",
    "edit_history_tweet_ids": [
      "1726650030977876381",
      "1726650201673441655"
    ],
    "reply_settings": "everyone",
    "id": "1726650201673441655",
    "conversation_id": "1726650201673441655",
    "edit_controls": {
      "edits_remaining": 4,
      "is_edit_eligible": true,
      "editable_until": "2023-11-20 18:13:41+00:00"
    },
    "category": "Original"
  },
  {
    "lang": "pl",
    "author_id": "118739645",
    "public_metrics": {
      "retweet_count": 327,
      "reply_count": 576,
      "like_count": 3039,
      "quote_count": 21,
      "bookmark_count": 2,
      "impression_count": 96655
    },
    "possibly_sensitive": false,
    "created_at": "2023-11-19T11:41:15.000Z",
    "text": "Kradzież to kradzież. Zasłanianie się procedurami nic wam nie pomoże.",
    "edit_history_tweet_ids": [
      "1726203982140542983"
    ],
    "reply_settings": "everyone",
    "id": "1726203982140542983",
    "conversation_id": "1726203982140542983",
    "edit_controls": {
      "edits_remaining": 5,
      "is_edit_eligible": true,
      "editable_until": "2023-11-19 12:41:15+00:00"
    },
    "category": "Original"
  },
  {
    "lang": "pl",
    "author_id": "118739645",
    "public_metrics": {
      "retweet_count": 429,
      "reply_count": 932,
      "like_count": 7470,
      "quote_count": 43,
      "bookmark_count": 8,
      "impression_count": 269375
    },
    "possibly_sensitive": false,
    "created_at": "2023-11-14T20:00:11.000Z",
    "text": "Jak tak dalej pójdzie, na następnym posiedzeniu Sejmu Zbyszek wystąpi w koszulce Konstytucja.",
    "edit_history_tweet_ids": [
      "1724517332091826568",
      "1724517502560944213",
      "1724517605111652694"
    ],
    "reply_settings": "everyone",
    "id": "1724517605111652694",
    "conversation_id": "1724517605111652694",
    "edit_controls": {
      "edits_remaining": 3,
      "is_edit_eligible": true,
      "editable_until": "2023-11-14 20:59:06+00:00"
    },
    "category": "Original"
  },
  {
    "entities": {
      "urls": [
        {
          "start": 70,
          "end": 93,
          "url": "https://t.co/Ud8F6R0izx",
          "expanded_url": "https://twitter.com/donaldtusk/status/1723204404503818582",
          "display_url": "x.com/donaldtusk/sta…"
        }
      ]
    },
    "lang": "pl",
    "author_id": "118739645",
    "public_metrics": {
      "retweet_count": 279,
      "reply_count": 1154,
      "like_count": 2581,
      "quote_count": 32,
      "bookmark_count": 10,
      "impression_count": 126777
    },
    "possibly_sensitive": false,
    "created_at": "2023-11-11T07:28:20.000Z",
    "referenced_tweets": [
      {
        "type": "quoted",
        "id": "1723204404503818582"
      }
    ],
    "text": "„Odrzućmy wszystko, co nas dzieli. I bierzmy wszystko, co nas łączy.” https://t.co/Ud8F6R0izx",
    "edit_history_tweet_ids": [
      "1723241232002900398"
    ],
    "reply_settings": "everyone",
    "id": "1723241232002900398",
    "conversation_id": "1723241232002900398",
    "edit_controls": {
      "edits_remaining": 5,
      "is_edit_eligible": true,
      "editable_until": "2023-11-11 08:28:20+00:00"
    },
    "category": "Quote"
  },
  {
    "lang": "pl",
    "author_id": "118739645",
    "public_metrics": {
      "retweet_count": 584,
      "reply_count": 632,
      "like_count": 6713,
      "quote_count": 45,
      "bookmark_count": 9,
      "impression_count": 246726
    },
    "possibly_sensitive": false,
    "created_at": "2023-11-06T19:12:14.000Z",
    "text": "Po dzisiejszym orędziu mamy pewnego kandydata do literackiego Nobla - Jakuba Żulczyka…",
    "edit_history_tweet_ids": [
      "1721606436264767597"
    ],
    "reply_settings": "everyone",
    "id": "1721606436264767597",
    "conversation_id": "1721606436264767597",
    "edit_controls": {
      "edits_remaining": 5,
      "is_edit_eligible": true,
      "editable_until": "2023-11-06 20:12:14+00:00"
    },
    "category": "Original"
  },
  {
    "lang": "pl",
    "author_id": "118739645",
    "public_metrics": {
      "retweet_count": 98,
      "reply_count": 218,
      "like_count": 1857,
      "quote_count": 15,
      "bookmark_count": 4,
      "impression_count": 70804
    },
    "possibly_sensitive": false,
    "created_at": "2023-11-05T06:57:39.000Z",
    "text": "Gdy patrzę na organizację #WTAfinals mam obawy, że Sasin ruszył do walki o stołek szefa WTA…",
    "context_annotations": [
      {
        "domain": {
          "id": "3",
          "name": "TV Shows",
          "description": "Television shows from around the world"
        },
        "entity": {
          "id": "10000331800",
          "name": "Tennis",
          "description": "Classic matches from tennis tournaments."
        }
      },
      {
        "domain": {
          "id": "3",
          "name": "TV Shows",
          "description": "Television shows from around the world"
        },
        "entity": {
          "id": "10033837353",
          "name": "Live: BNP Paribas Finals Tennis"
        }
      },
      {
        "domain": {
          "id": "26",
          "name": "Sports League",
          "description": ""
        },
        "entity": {
          "id": "1095424935726469120",
          "name": "Women's tennis",
          "description": "Women's Tennis Association"
        }
      },
      {
        "domain": {
          "id": "46",
          "name": "Business Taxonomy",
          "description": "Categories within Brand Verticals that narrow down the scope of Brands"
        },
        "entity": {
          "id": "1557697289971322880",
          "name": "Sports & Fitness Business",
          "description": "Brands, companies, advertisers and every non-person handle with the profit intent related to sports nutrition, athletic apparel, sports apps, fitness venues"
        }
      },
      {
        "domain": {
          "id": "131",
          "name": "Unified Twitter Taxonomy",
          "description": "A taxonomy of user interests. "
        },
        "entity": {
          "id": "847900493514891265",
          "name": "Sports",
          "description": "Sports"
        }
      },
      {
        "domain": {
          "id": "131",
          "name": "Unified Twitter Taxonomy",
          "description": "A taxonomy of user interests. "
        },
        "entity": {
          "id": "847903248933502976",
          "name": "Tennis",
          "description": "Tennis"
        }
      },
      {
        "domain": {
          "id": "131",
          "name": "Unified Twitter Taxonomy",
          "description": "A taxonomy of user interests. "
        },
        "entity": {
          "id": "1095424935726469120",
          "name": "Women's tennis",
          "description": "Women's Tennis Association"
        }
      }
    ],
    "entities": {
      "hashtags": [
        {
          "start": 26,
          "end": 36,
          "tag": "WTAfinals"
        }
      ]
    },
    "edit_history_tweet_ids": [
      "1721059184072942077"
    ],
    "reply_settings": "everyone",
    "id": "1721059184072942077",
    "conversation_id": "1721059184072942077",
    "edit_controls": {
      "edits_remaining": 5,
      "is_edit_eligible": true,
      "editable_until": "2023-11-05 07:57:39+00:00"
    },
    "category": "Original"
  },
  {
    "lang": "pl",
    "author_id": "118739645",
    "public_metrics": {
      "retweet_count": 417,
      "reply_count": 459,
      "like_count": 4354,
      "quote_count": 22,
      "bookmark_count": 6,
      "impression_count": 182475
    },
    "possibly_sensitive": false,
    "created_at": "2023-11-04T15:36:26.000Z",
    "text": "Mateusz się rozpędza. Jak tak dalej pójdzie, okaże się, że w szufladzie ma legitymację Platformy…Ba, zawsze miał…",
    "edit_history_tweet_ids": [
      "1720827349078282586"
    ],
    "reply_settings": "everyone",
    "id": "1720827349078282586",
    "conversation_id": "1720827349078282586",
    "edit_controls": {
      "edits_remaining": 5,
      "is_edit_eligible": true,
      "editable_until": "2023-11-04 16:36:26+00:00"
    },
    "category": "Original"
  },
  {
    "entities": {
      "urls": [
        {
          "start": 165,
          "end": 188,
          "url": "https://t.co/OTKNU0RayG",
          "expanded_url": "https://x.com/bbudka/status/1719752779894227374/photo/1",
          "display_url": "pic.x.com/OTKNU0RayG",
          "media_key": "3_1719752769349746689"
        }
      ]
    },
    "lang": "pl",
    "author_id": "118739645",
    "public_metrics": {
      "retweet_count": 149,
      "reply_count": 357,
      "like_count": 2425,
      "quote_count": 11,
      "bookmark_count": 1,
      "impression_count": 67595
    },
    "possibly_sensitive": false,
    "created_at": "2023-11-01T16:26:28.000Z",
    "text": "Rano odwiedziny grobów Najbliższych, a wczesnym popołudniem wspólnie z Kasią i Lenką - jak co roku - kwesta dla gliwickiego hospicjum. Dziękujemy za Waszą hojność 🫶 https://t.co/OTKNU0RayG",
    "edit_history_tweet_ids": [
      "1719752779894227374"
    ],
    "attachments": {
      "media_keys": [
        "3_1719752769349746689"
      ]
    },
    "reply_settings": "everyone",
    "id": "1719752779894227374",
    "conversation_id": "1719752779894227374",
    "edit_controls": {
      "edits_remaining": 5,
      "is_edit_eligible": true,
      "editable_until": "2023-11-01 17:26:28+00:00"
    },
    "category": "Original"
  },
  {
    "entities": {
      "urls": [
        {
          "start": 36,
          "end": 59,
          "url": "https://t.co/pXplB8XUaz",
          "expanded_url": "https://twitter.com/donaldtusk/status/1719378456910221417",
          "display_url": "x.com/donaldtusk/sta…"
        }
      ]
    },
    "lang": "pl",
    "author_id": "118739645",
    "public_metrics": {
      "retweet_count": 249,
      "reply_count": 541,
      "like_count": 2297,
      "quote_count": 12,
      "bookmark_count": 1,
      "impression_count": 93177
    },
    "possibly_sensitive": false,
    "created_at": "2023-10-31T15:49:52.000Z",
    "referenced_tweets": [
      {
        "type": "quoted",
        "id": "1719378456910221417"
      }
    ],
    "text": "Zadanie wykonane. Ruszmy do pracy 💪 https://t.co/pXplB8XUaz",
    "edit_history_tweet_ids": [
      "1719381181135749202"
    ],
    "reply_settings": "everyone",
    "id": "1719381181135749202",
    "conversation_id": "1719381181135749202",
    "edit_controls": {
      "edits_remaining": 5,
      "is_edit_eligible": true,
      "editable_until": "2023-10-31 16:49:52+00:00"
    },
    "category": "Quote"
  },
  {
    "lang": "pl",
    "author_id": "118739645",
    "public_metrics": {
      "retweet_count": 417,
      "reply_count": 699,
      "like_count": 4475,
      "quote_count": 34,
      "bookmark_count": 3,
      "impression_count": 155906
    },
    "possibly_sensitive": false,
    "created_at": "2023-10-26T11:07:17.000Z",
    "text": "Ciągle się uczy, ale dodawać nadal nie umie…🤦‍♂️",
    "edit_history_tweet_ids": [
      "1717498128096502264"
    ],
    "reply_settings": "everyone",
    "id": "1717498128096502264",
    "conversation_id": "1717498128096502264",
    "edit_controls": {
      "edits_remaining": 5,
      "is_edit_eligible": true,
      "editable_until": "2023-10-26 12:07:17+00:00"
    },
    "category": "Original"
  },
  {
    "entities": {
      "urls": [
        {
          "start": 17,
          "end": 40,
          "url": "https://t.co/Ri5MzT8PGm",
          "expanded_url": "https://twitter.com/SzkKontaktowe/status/1714656378428551305",
          "display_url": "x.com/SzkKontaktowe/…"
        }
      ]
    },
    "lang": "pl",
    "author_id": "118739645",
    "public_metrics": {
      "retweet_count": 277,
      "reply_count": 597,
      "like_count": 4550,
      "quote_count": 28,
      "bookmark_count": 7,
      "impression_count": 192686
    },
    "possibly_sensitive": false,
    "created_at": "2023-10-18T15:23:47.000Z",
    "referenced_tweets": [
      {
        "type": "quoted",
        "id": "1714656378428551305"
      }
    ],
    "text": "Oj tam, oj tam…😉 https://t.co/Ri5MzT8PGm",
    "edit_history_tweet_ids": [
      "1714663573983559688"
    ],
    "reply_settings": "everyone",
    "id": "1714663573983559688",
    "conversation_id": "1714663573983559688",
    "edit_controls": {
      "edits_remaining": 5,
      "is_edit_eligible": true,
      "editable_until": "2023-10-18 16:23:47+00:00"
    },
    "category": "Quote"
  },
  {
    "lang": "pl",
    "author_id": "118739645",
    "public_metrics": {
      "retweet_count": 669,
      "reply_count": 583,
      "like_count": 10085,
      "quote_count": 70,
      "bookmark_count": 19,
      "impression_count": 227588
    },
    "possibly_sensitive": false,
    "created_at": "2023-10-18T14:44:05.000Z",
    "referenced_tweets": [
      {
        "type": "replied_to",
        "id": "1714596838022549591"
      }
    ],
    "text": "@mwojcik_ Spokojnie, już niedługo będziesz mógł głosować razem z nimi…",
    "edit_history_tweet_ids": [
      "1714653582824231193"
    ],
    "reply_settings": "everyone",
    "in_reply_to_user_id": "725240852549894144",
    "id": "1714653582824231193",
    "conversation_id": "1714596838022549591",
    "edit_controls": {
      "edits_remaining": 5,
      "is_edit_eligible": false,
      "editable_until": "2023-10-18 15:44:05+00:00"
    },
    "entities": {
      "mentions": [
        {
          "start": 0,
          "end": 9,
          "username": "mwojcik_",
          "id": "725240852549894144"
        }
      ]
    },
    "category": "Reply"
  },
  {
    "entities": {
      "urls": [
        {
          "start": 18,
          "end": 41,
          "url": "https://t.co/gPAtq2g94Q",
          "expanded_url": "https://x.com/bbudka/status/1714187176135606703/photo/1",
          "display_url": "pic.x.com/gPAtq2g94Q",
          "media_key": "3_1714187170016055296"
        }
      ]
    },
    "lang": "pl",
    "author_id": "118739645",
    "public_metrics": {
      "retweet_count": 210,
      "reply_count": 315,
      "like_count": 3782,
      "quote_count": 9,
      "bookmark_count": 1,
      "impression_count": 102530
    },
    "possibly_sensitive": false,
    "created_at": "2023-10-17T07:50:45.000Z",
    "text": "Dziękuję 🫶 🇵🇱❤️✌️ https://t.co/gPAtq2g94Q",
    "edit_history_tweet_ids": [
      "1714187176135606703"
    ],
    "attachments": {
      "media_keys": [
        "3_1714187170016055296"
      ]
    },
    "reply_settings": "everyone",
    "id": "1714187176135606703",
    "conversation_id": "1714187176135606703",
    "edit_controls": {
      "edits_remaining": 5,
      "is_edit_eligible": true,
      "editable_until": "2023-10-17 08:50:45+00:00"
    },
    "category": "Original"
  }
]