[
  {
    "id": "1773957710758760822",
    "possibly_sensitive": false,
    "in_reply_to_user_id": "753647431",
    "created_at": "2024-03-30T06:17:31.000Z",
    "referenced_tweets": [
      {
        "type": "replied_to",
        "id": "1773833246247157863"
      }
    ],
    "edit_controls": {
      "edits_remaining": 5,
      "is_edit_eligible": false,
      "editable_until": "2024-03-30 07:17:31+00:00"
    },
    "entities": {
      "mentions": [
        {
          "start": 0,
          "end": 12,
          "username": "MosinskiJan",
          "id": "753647431"
        },
        {
          "start": 13,
          "end": 22,
          "username": "GUS_STAT",
          "id": "790806417468952576"
        },
        {
          "start": 23,
          "end": 35,
          "username": "MorawieckiM",
          "id": "939053934232195072"
        }
      ]
    },
    "text": "@MosinskiJan @GUS_STAT @MorawieckiM Prima aprilis dopiero w poniedziałek ale niech będzie, zaliczam Panu ten żart na poczet 1 kwietnia. Wesołych Świąt 😄",
    "public_metrics": {
      "retweet_count": 0,
      "reply_count": 14,
      "like_count": 2,
      "quote_count": 1,
      "bookmark_count": 0,
      "impression_count": 1361
    },
    "edit_history_tweet_ids": [
      "1773957710758760822"
    ],
    "reply_settings": "everyone",
    "author_id": "747764682459582465",
    "lang": "pl",
    "conversation_id": "1773679840031297888",
    "category": "Reply"
  },
  {
    "id": "1773679840031297888",
    "possibly_sensitive": false,
    "created_at": "2024-03-29T11:53:21.000Z",
    "edit_controls": {
      "edits_remaining": 5,
      "is_edit_eligible": true,
      "editable_until": "2024-03-29 12:53:21+00:00"
    },
    "entities": {
      "mentions": [
        {
          "start": 27,
          "end": 36,
          "username": "GUS_STAT",
          "id": "790806417468952576"
        }
      ]
    },
    "text": "Przedświąteczne dobre dane @GUS_STAT dla gospodarki!🇵🇱\nWg szybkiego szacunku, w marcu inflacja wyhamowała do 1,9% r/r. To *najniższy* poziom inflacji od marca 2019 r.\nMarcowe tempo inflacji było już prawie 10-krotnie niższe od szczytowego odczytu z lutego 2023 r. (18,4%).",
    "public_metrics": {
      "retweet_count": 27,
      "reply_count": 130,
      "like_count": 89,
      "quote_count": 0,
      "bookmark_count": 0,
      "impression_count": 26930
    },
    "edit_history_tweet_ids": [
      "1773679840031297888"
    ],
    "reply_settings": "everyone",
    "author_id": "747764682459582465",
    "lang": "pl",
    "conversation_id": "1773679840031297888",
    "category": "Original"
  },
  {
    "entities": {
      "urls": [
        {
          "start": 234,
          "end": 257,
          "url": "https://t.co/ZOz6nufsA1",
          "expanded_url": "https://x.com/Hetman_K/status/1758115472019476884/photo/1",
          "display_url": "pic.x.com/ZOz6nufsA1",
          "media_key": "3_1758115462632624128"
        },
        {
          "start": 234,
          "end": 257,
          "url": "https://t.co/ZOz6nufsA1",
          "expanded_url": "https://x.com/Hetman_K/status/1758115472019476884/photo/1",
          "display_url": "pic.x.com/ZOz6nufsA1",
          "media_key": "3_1758115462632611840"
        },
        {
          "start": 234,
          "end": 257,
          "url": "https://t.co/ZOz6nufsA1",
          "expanded_url": "https://x.com/Hetman_K/status/1758115472019476884/photo/1",
          "display_url": "pic.x.com/ZOz6nufsA1",
          "media_key": "3_1758115462641008640"
        },
        {
          "start": 234,
          "end": 257,
          "url": "https://t.co/ZOz6nufsA1",
          "expanded_url": "https://x.com/Hetman_K/status/1758115472019476884/photo/1",
          "display_url": "pic.x.com/ZOz6nufsA1",
          "media_key": "3_1758115462636802048"
        }
      ],
      "hashtags": [
        {
          "start": 52,
          "end": 56,
          "tag": "RDS"
        }
      ]
    },
    "id": "1758115472019476884",
    "possibly_sensitive": false,
    "created_at": "2024-02-15T13:06:07.000Z",
    "edit_controls": {
      "edits_remaining": 5,
      "is_edit_eligible": true,
      "editable_until": "2024-02-15 14:06:07+00:00"
    },
    "text": "Dziś po raz pierwszy spotkaliśmy się na posiedzeniu #RDS w nowym składzie. Powrót do dialogu trójstronnego po 8 ostatnich latach to duże wyzwanie.  Bardzo dziękuję przedstawicielom pracowników i pracodawców za konstruktywną rozmowę 🤝 https://t.co/ZOz6nufsA1",
    "public_metrics": {
      "retweet_count": 15,
      "reply_count": 31,
      "like_count": 58,
      "quote_count": 3,
      "bookmark_count": 1,
      "impression_count": 8293
    },
    "edit_history_tweet_ids": [
      "1758115472019476884"
    ],
    "attachments": {
      "media_keys": [
        "3_1758115462632624128",
        "3_1758115462632611840",
        "3_1758115462641008640",
        "3_1758115462636802048"
      ]
    },
    "reply_settings": "everyone",
    "author_id": "747764682459582465",
    "lang": "pl",
    "conversation_id": "1758115472019476884",
    "category": "Original"
  },
  {
    "entities": {
      "urls": [
        {
          "start": 219,
          "end": 242,
          "url": "https://t.co/Qp6MCP34Fq",
          "expanded_url": "https://x.com/Hetman_K/status/1757476292415324410/photo/1",
          "display_url": "pic.x.com/Qp6MCP34Fq",
          "media_key": "3_1757476285540941825"
        },
        {
          "start": 219,
          "end": 242,
          "url": "https://t.co/Qp6MCP34Fq",
          "expanded_url": "https://x.com/Hetman_K/status/1757476292415324410/photo/1",
          "display_url": "pic.x.com/Qp6MCP34Fq",
          "media_key": "3_1757476285536706560"
        },
        {
          "start": 219,
          "end": 242,
          "url": "https://t.co/Qp6MCP34Fq",
          "expanded_url": "https://x.com/Hetman_K/status/1757476292415324410/photo/1",
          "display_url": "pic.x.com/Qp6MCP34Fq",
          "media_key": "3_1757476285553496064"
        },
        {
          "start": 219,
          "end": 242,
          "url": "https://t.co/Qp6MCP34Fq",
          "expanded_url": "https://x.com/Hetman_K/status/1757476292415324410/photo/1",
          "display_url": "pic.x.com/Qp6MCP34Fq",
          "media_key": "3_1757476285561880576"
        }
      ],
      "hashtags": [
        {
          "start": 67,
          "end": 74,
          "tag": "Habeck"
        }
      ],
      "mentions": [
        {
          "start": 17,
          "end": 33,
          "username": "DariuszKlimczak",
          "id": "964017524"
        }
      ]
    },
    "id": "1757476292415324410",
    "possibly_sensitive": false,
    "created_at": "2024-02-13T18:46:15.000Z",
    "edit_controls": {
      "edits_remaining": 5,
      "is_edit_eligible": true,
      "editable_until": "2024-02-13 19:46:15+00:00"
    },
    "context_annotations": [
      {
        "domain": {
          "id": "10",
          "name": "Person",
          "description": "Named people in the world like Nelson Mandela"
        },
        "entity": {
          "id": "1551508303670177792",
          "name": "Robert Habeck"
        }
      },
      {
        "domain": {
          "id": "35",
          "name": "Politician",
          "description": "Politicians in the world, like Joe Biden"
        },
        "entity": {
          "id": "1551508303670177792",
          "name": "Robert Habeck"
        }
      },
      {
        "domain": {
          "id": "131",
          "name": "Unified Twitter Taxonomy",
          "description": "A taxonomy of user interests. "
        },
        "entity": {
          "id": "847878884917886977",
          "name": "Politics",
          "description": "Politics"
        }
      },
      {
        "domain": {
          "id": "131",
          "name": "Unified Twitter Taxonomy",
          "description": "A taxonomy of user interests. "
        },
        "entity": {
          "id": "1534488199598182400",
          "name": "Germany politics"
        }
      },
      {
        "domain": {
          "id": "131",
          "name": "Unified Twitter Taxonomy",
          "description": "A taxonomy of user interests. "
        },
        "entity": {
          "id": "1534527653406838785",
          "name": "Germany political figures "
        }
      }
    ],
    "text": "Dziś z ministrem @DariuszKlimczak spotkaliśmy się z Panem Robertem #Habeck, wicekanclerzem, federalnym ministrem gospodarki i ochrony klimatu  Niemiec. \nDziękuję za dobrą rozmowę na temat współpracy gospodarczej. 🇵🇱🤝🇩🇪 https://t.co/Qp6MCP34Fq",
    "public_metrics": {
      "retweet_count": 14,
      "reply_count": 11,
      "like_count": 42,
      "quote_count": 0,
      "bookmark_count": 0,
      "impression_count": 6272
    },
    "edit_history_tweet_ids": [
      "1757476292415324410"
    ],
    "attachments": {
      "media_keys": [
        "3_1757476285540941825",
        "3_1757476285536706560",
        "3_1757476285553496064",
        "3_1757476285561880576"
      ]
    },
    "reply_settings": "everyone",
    "author_id": "747764682459582465",
    "lang": "pl",
    "conversation_id": "1757476292415324410",
    "category": "Original"
  },
  {
    "entities": {
      "urls": [
        {
          "start": 47,
          "end": 70,
          "url": "https://t.co/vFqXWmm2rC",
          "expanded_url": "https://x.com/Hetman_K/status/1755910131491963359/photo/1",
          "display_url": "pic.x.com/vFqXWmm2rC",
          "media_key": "3_1755910126366593025"
        }
      ],
      "hashtags": [
        {
          "start": 30,
          "end": 46,
          "tag": "protestrolnikow"
        }
      ]
    },
    "id": "1755910131491963359",
    "possibly_sensitive": false,
    "created_at": "2024-02-09T11:02:53.000Z",
    "edit_controls": {
      "edits_remaining": 5,
      "is_edit_eligible": true,
      "editable_until": "2024-02-09 12:02:53+00:00"
    },
    "text": "Lepiej późno niż wcale 🤷🏻‍♂️ \n#protestrolnikow https://t.co/vFqXWmm2rC",
    "public_metrics": {
      "retweet_count": 17,
      "reply_count": 29,
      "like_count": 70,
      "quote_count": 3,
      "bookmark_count": 0,
      "impression_count": 7333
    },
    "edit_history_tweet_ids": [
      "1755910131491963359"
    ],
    "attachments": {
      "media_keys": [
        "3_1755910126366593025"
      ]
    },
    "reply_settings": "everyone",
    "author_id": "747764682459582465",
    "lang": "pl",
    "conversation_id": "1755910131491963359",
    "category": "Original"
  },
  {
    "entities": {
      "urls": [
        {
          "start": 278,
          "end": 301,
          "url": "https://t.co/d0l4NXQ2SS",
          "expanded_url": "https://x.com/Hetman_K/status/1755599419800711188/photo/1",
          "display_url": "pic.x.com/d0l4NXQ2SS",
          "media_key": "3_1755599411206574080"
        }
      ],
      "hashtags": [
        {
          "start": 55,
          "end": 70,
          "tag": "mieszkalnictwo"
        },
        {
          "start": 73,
          "end": 85,
          "tag": "budownictwo"
        }
      ]
    },
    "id": "1755599419800711188",
    "possibly_sensitive": false,
    "created_at": "2024-02-08T14:28:13.000Z",
    "edit_controls": {
      "edits_remaining": 5,
      "is_edit_eligible": true,
      "editable_until": "2024-02-08 15:28:13+00:00"
    },
    "text": "Dziś w Sejmie odpowiadałem na pytania posłów dotyczące #mieszkalnictwo i #budownictwo. \nTrwają konsultacje społeczne proponowanych rozwiązań. Niedługo zaprezentujemy propozycje dot. zniesienia barier i ułatwień, które umożliwią szybsze podejmowanie inwestycji w tych obszarach. https://t.co/d0l4NXQ2SS",
    "public_metrics": {
      "retweet_count": 11,
      "reply_count": 21,
      "like_count": 45,
      "quote_count": 0,
      "bookmark_count": 0,
      "impression_count": 3507
    },
    "edit_history_tweet_ids": [
      "1755599419800711188"
    ],
    "attachments": {
      "media_keys": [
        "3_1755599411206574080"
      ]
    },
    "reply_settings": "everyone",
    "author_id": "747764682459582465",
    "lang": "pl",
    "conversation_id": "1755599419800711188",
    "category": "Original"
  },
  {
    "entities": {
      "urls": [
        {
          "start": 276,
          "end": 299,
          "url": "https://t.co/BKIEPZWF6Z",
          "expanded_url": "https://x.com/Hetman_K/status/1755285873686409314/photo/1",
          "display_url": "pic.x.com/BKIEPZWF6Z",
          "media_key": "3_1755285864773464064"
        },
        {
          "start": 276,
          "end": 299,
          "url": "https://t.co/BKIEPZWF6Z",
          "expanded_url": "https://x.com/Hetman_K/status/1755285873686409314/photo/1",
          "display_url": "pic.x.com/BKIEPZWF6Z",
          "media_key": "3_1755285864807112704"
        },
        {
          "start": 276,
          "end": 299,
          "url": "https://t.co/BKIEPZWF6Z",
          "expanded_url": "https://x.com/Hetman_K/status/1755285873686409314/photo/1",
          "display_url": "pic.x.com/BKIEPZWF6Z",
          "media_key": "3_1755285864828030977"
        },
        {
          "start": 276,
          "end": 299,
          "url": "https://t.co/BKIEPZWF6Z",
          "expanded_url": "https://x.com/Hetman_K/status/1755285873686409314/photo/1",
          "display_url": "pic.x.com/BKIEPZWF6Z",
          "media_key": "3_1755285864781946880"
        }
      ],
      "mentions": [
        {
          "start": 192,
          "end": 204,
          "username": "USAmbPoland",
          "id": "1032221626857869312"
        }
      ]
    },
    "id": "1755285873686409314",
    "possibly_sensitive": false,
    "created_at": "2024-02-07T17:42:18.000Z",
    "edit_controls": {
      "edits_remaining": 5,
      "is_edit_eligible": true,
      "editable_until": "2024-02-07 18:42:18+00:00"
    },
    "text": "🇵🇱🇺🇸 Utrzymanie strategicznego partnerstwa, wspieranie relacji z USA w obszarze m. in. handlu, inwestycji, bezpieczeństwa i technologii jest dla Polski priorytetem. Dziś rozmawialiśmy o tym z @USAmbPoland \nDziękuję Panu Ambasadorowi Markowi Brzezinskiemu za dobre spotkanie 🤝 https://t.co/BKIEPZWF6Z",
    "public_metrics": {
      "retweet_count": 8,
      "reply_count": 12,
      "like_count": 31,
      "quote_count": 2,
      "bookmark_count": 0,
      "impression_count": 4508
    },
    "edit_history_tweet_ids": [
      "1755285873686409314"
    ],
    "attachments": {
      "media_keys": [
        "3_1755285864773464064",
        "3_1755285864807112704",
        "3_1755285864828030977",
        "3_1755285864781946880"
      ]
    },
    "reply_settings": "everyone",
    "author_id": "747764682459582465",
    "lang": "pl",
    "conversation_id": "1755285873686409314",
    "category": "Original"
  },
  {
    "id": "1754865115508146224",
    "possibly_sensitive": false,
    "created_at": "2024-02-06T13:50:22.000Z",
    "edit_controls": {
      "edits_remaining": 5,
      "is_edit_eligible": true,
      "editable_until": "2024-02-06 14:50:22+00:00"
    },
    "entities": {
      "mentions": [
        {
          "start": 52,
          "end": 60,
          "username": "PAIH_pl",
          "id": "1851590460"
        }
      ]
    },
    "text": "Na mój wniosek członkowie zarządu i rady nadzorczej @PAIH_pl zostali odwołani. Nowe władze będą wyłonione w trybie konkursu.",
    "public_metrics": {
      "retweet_count": 37,
      "reply_count": 67,
      "like_count": 185,
      "quote_count": 3,
      "bookmark_count": 1,
      "impression_count": 15129
    },
    "edit_history_tweet_ids": [
      "1754865115508146224"
    ],
    "reply_settings": "everyone",
    "author_id": "747764682459582465",
    "lang": "pl",
    "conversation_id": "1754865115508146224",
    "category": "Original"
  },
  {
    "entities": {
      "urls": [
        {
          "start": 281,
          "end": 304,
          "url": "https://t.co/E2h7QZLQNN",
          "expanded_url": "https://x.com/Hetman_K/status/1754792039504318609/photo/1",
          "display_url": "pic.x.com/E2h7QZLQNN",
          "media_key": "3_1754792033942650880"
        }
      ],
      "hashtags": [
        {
          "start": 257,
          "end": 280,
          "tag": "RadaDialoguSpołecznego"
        }
      ],
      "mentions": [
        {
          "start": 132,
          "end": 145,
          "username": "OPZZcentrala",
          "id": "110958282"
        }
      ]
    },
    "id": "1754792039504318609",
    "possibly_sensitive": false,
    "created_at": "2024-02-06T08:59:59.000Z",
    "edit_controls": {
      "edits_remaining": 5,
      "is_edit_eligible": true,
      "editable_until": "2024-02-06 09:59:59+00:00"
    },
    "text": "Dialog to podstawa, przez ostatnich osiem lat w wielu miejscach go brakowało. Zmieniamy to! Dziś spotkałem się  z przedstawicielami @OPZZcentrala.Rozmawialismy m. in. o współpracy w sektorze przemysłu, polityce przemysłowej państwa oraz współpracy w ramach #RadaDialoguSpołecznego https://t.co/E2h7QZLQNN",
    "public_metrics": {
      "retweet_count": 13,
      "reply_count": 17,
      "like_count": 55,
      "quote_count": 2,
      "bookmark_count": 0,
      "impression_count": 3179
    },
    "edit_history_tweet_ids": [
      "1754792039504318609"
    ],
    "attachments": {
      "media_keys": [
        "3_1754792033942650880"
      ]
    },
    "reply_settings": "everyone",
    "author_id": "747764682459582465",
    "lang": "pl",
    "conversation_id": "1754792039504318609",
    "category": "Original"
  },
  {
    "entities": {
      "urls": [
        {
          "start": 200,
          "end": 223,
          "url": "https://t.co/HfSf8KxdTE",
          "expanded_url": "https://x.com/Hetman_K/status/1752723999191105904/photo/1",
          "display_url": "pic.x.com/HfSf8KxdTE",
          "media_key": "3_1752723992819953664"
        }
      ],
      "mentions": [
        {
          "start": 111,
          "end": 121,
          "username": "MRiTGOVPL",
          "id": "953595684929921024"
        }
      ]
    },
    "id": "1752723999191105904",
    "possibly_sensitive": false,
    "created_at": "2024-01-31T16:02:20.000Z",
    "edit_controls": {
      "edits_remaining": 5,
      "is_edit_eligible": true,
      "editable_until": "2024-01-31 17:02:20+00:00"
    },
    "text": "Dialog to podstawa rozwoju! Dziś powołałem radcę prawnego, Pana dr Mariusza Filipka na stanowisko Pełnomocnika @MRiTGOVPL ds. deregulacji i dialogu gospodarczego. Panie mecenasie, witamy w drużynie 🤝 https://t.co/HfSf8KxdTE",
    "public_metrics": {
      "retweet_count": 16,
      "reply_count": 9,
      "like_count": 73,
      "quote_count": 3,
      "bookmark_count": 0,
      "impression_count": 9698
    },
    "edit_history_tweet_ids": [
      "1752723999191105904"
    ],
    "attachments": {
      "media_keys": [
        "3_1752723992819953664"
      ]
    },
    "reply_settings": "everyone",
    "author_id": "747764682459582465",
    "lang": "pl",
    "conversation_id": "1752723999191105904",
    "category": "Original"
  },
  {
    "entities": {
      "urls": [
        {
          "start": 128,
          "end": 151,
          "url": "https://t.co/iIIw5YJ1uz",
          "expanded_url": "https://x.com/Hetman_K/status/1752359621153501292/photo/1",
          "display_url": "pic.x.com/iIIw5YJ1uz",
          "media_key": "3_1752359606423080960"
        }
      ],
      "mentions": [
        {
          "start": 20,
          "end": 33,
          "username": "Radio_TOK_FM",
          "id": "43064962"
        },
        {
          "start": 86,
          "end": 98,
          "username": "TOKFMWywiad",
          "id": "1494670650614726658"
        }
      ]
    },
    "id": "1752359621153501292",
    "possibly_sensitive": false,
    "created_at": "2024-01-30T15:54:25.000Z",
    "edit_controls": {
      "edits_remaining": 5,
      "is_edit_eligible": true,
      "editable_until": "2024-01-30 16:54:25+00:00"
    },
    "text": "🎙️A ja już w studio @Radio_TOK_FM u pani Red. Karoliny Lewickiej. Za chwilę zaczynamy @TOKFMWywiad 🙋🏻‍♂️ zapraszam do słuchania https://t.co/iIIw5YJ1uz",
    "public_metrics": {
      "retweet_count": 14,
      "reply_count": 14,
      "like_count": 75,
      "quote_count": 0,
      "bookmark_count": 0,
      "impression_count": 5552
    },
    "edit_history_tweet_ids": [
      "1752359621153501292"
    ],
    "attachments": {
      "media_keys": [
        "3_1752359606423080960"
      ]
    },
    "reply_settings": "everyone",
    "author_id": "747764682459582465",
    "lang": "pl",
    "conversation_id": "1752359621153501292",
    "category": "Original"
  },
  {
    "entities": {
      "urls": [
        {
          "start": 44,
          "end": 67,
          "url": "https://t.co/ziLmVQ7DOY",
          "expanded_url": "https://x.com/Hetman_K/status/1750868495355482150/photo/1",
          "display_url": "pic.x.com/ziLmVQ7DOY",
          "media_key": "3_1750868487981969408"
        }
      ],
      "hashtags": [
        {
          "start": 12,
          "end": 17,
          "tag": "WOŚP"
        }
      ],
      "mentions": [
        {
          "start": 19,
          "end": 29,
          "username": "MRiTGOVPL",
          "id": "953595684929921024"
        },
        {
          "start": 30,
          "end": 43,
          "username": "fundacjawosp",
          "id": "96009219"
        }
      ]
    },
    "id": "1750868495355482150",
    "possibly_sensitive": false,
    "created_at": "2024-01-26T13:09:13.000Z",
    "edit_controls": {
      "edits_remaining": 5,
      "is_edit_eligible": true,
      "editable_until": "2024-01-26 14:09:13+00:00"
    },
    "text": "💚🤍❤️Gramy z #WOŚP \n@MRiTGOVPL @fundacjawosp https://t.co/ziLmVQ7DOY",
    "public_metrics": {
      "retweet_count": 25,
      "reply_count": 45,
      "like_count": 169,
      "quote_count": 2,
      "bookmark_count": 0,
      "impression_count": 7673
    },
    "edit_history_tweet_ids": [
      "1750868495355482150"
    ],
    "attachments": {
      "media_keys": [
        "3_1750868487981969408"
      ]
    },
    "reply_settings": "everyone",
    "author_id": "747764682459582465",
    "lang": "pl",
    "conversation_id": "1750868495355482150",
    "category": "Original"
  },
  {
    "entities": {
      "urls": [
        {
          "start": 219,
          "end": 242,
          "url": "https://t.co/cMv9eHdg4h",
          "expanded_url": "https://x.com/Hetman_K/status/1750596104943734982/photo/1",
          "display_url": "pic.x.com/cMv9eHdg4h",
          "media_key": "3_1750596098228449280"
        },
        {
          "start": 219,
          "end": 242,
          "url": "https://t.co/cMv9eHdg4h",
          "expanded_url": "https://x.com/Hetman_K/status/1750596104943734982/photo/1",
          "display_url": "pic.x.com/cMv9eHdg4h",
          "media_key": "3_1750596098215825409"
        }
      ],
      "mentions": [
        {
          "start": 208,
          "end": 218,
          "username": "MRiTGOVPL",
          "id": "953595684929921024"
        }
      ]
    },
    "id": "1750596104943734982",
    "possibly_sensitive": false,
    "created_at": "2024-01-25T19:06:50.000Z",
    "edit_controls": {
      "edits_remaining": 5,
      "is_edit_eligible": true,
      "editable_until": "2024-01-25 20:06:50+00:00"
    },
    "text": "Dziś w „Szczerze o pieniądzach” z Panem Redaktorem Ernestem Bodziuchem rozmawialiśmy o wsparciu dla biznesu, planach mieszkaniowych oraz o rozwoju przemysłu kosmicznego w PL - działaniach realizowanych przez @MRiTGOVPL https://t.co/cMv9eHdg4h",
    "public_metrics": {
      "retweet_count": 12,
      "reply_count": 6,
      "like_count": 30,
      "quote_count": 0,
      "bookmark_count": 0,
      "impression_count": 2167
    },
    "edit_history_tweet_ids": [
      "1750596104943734982"
    ],
    "attachments": {
      "media_keys": [
        "3_1750596098228449280",
        "3_1750596098215825409"
      ]
    },
    "reply_settings": "everyone",
    "author_id": "747764682459582465",
    "lang": "pl",
    "conversation_id": "1750596104943734982",
    "category": "Original"
  },
  {
    "entities": {
      "urls": [
        {
          "start": 101,
          "end": 124,
          "url": "https://t.co/xyuU4sesu2",
          "expanded_url": "https://x.com/Hetman_K/status/1748761303466811602/photo/1",
          "display_url": "pic.x.com/xyuU4sesu2",
          "media_key": "3_1748761296554631169"
        },
        {
          "start": 101,
          "end": 124,
          "url": "https://t.co/xyuU4sesu2",
          "expanded_url": "https://x.com/Hetman_K/status/1748761303466811602/photo/1",
          "display_url": "pic.x.com/xyuU4sesu2",
          "media_key": "3_1748761296546177024"
        },
        {
          "start": 101,
          "end": 124,
          "url": "https://t.co/xyuU4sesu2",
          "expanded_url": "https://x.com/Hetman_K/status/1748761303466811602/photo/1",
          "display_url": "pic.x.com/xyuU4sesu2",
          "media_key": "3_1748761296605007872"
        },
        {
          "start": 101,
          "end": 124,
          "url": "https://t.co/xyuU4sesu2",
          "expanded_url": "https://x.com/Hetman_K/status/1748761303466811602/photo/1",
          "display_url": "pic.x.com/xyuU4sesu2",
          "media_key": "3_1748761296562974720"
        }
      ],
      "mentions": [
        {
          "start": 32,
          "end": 40,
          "username": "nowePSL",
          "id": "2426963910"
        },
        {
          "start": 61,
          "end": 76,
          "username": "KosiniakKamysz",
          "id": "955239446"
        }
      ]
    },
    "id": "1748761303466811602",
    "possibly_sensitive": false,
    "created_at": "2024-01-20T17:35:59.000Z",
    "edit_controls": {
      "edits_remaining": 5,
      "is_edit_eligible": true,
      "editable_until": "2024-01-20 18:35:59+00:00"
    },
    "text": "Jak co roku. Noworoczny koncert @nowePSL w Lublinie🍀Dziękuję @KosiniakKamysz za niezawodną obecność! https://t.co/xyuU4sesu2",
    "public_metrics": {
      "retweet_count": 19,
      "reply_count": 10,
      "like_count": 60,
      "quote_count": 2,
      "bookmark_count": 0,
      "impression_count": 3301
    },
    "edit_history_tweet_ids": [
      "1748761303466811602"
    ],
    "attachments": {
      "media_keys": [
        "3_1748761296554631169",
        "3_1748761296546177024",
        "3_1748761296605007872",
        "3_1748761296562974720"
      ]
    },
    "reply_settings": "everyone",
    "author_id": "747764682459582465",
    "lang": "pl",
    "conversation_id": "1748761303466811602",
    "category": "Original"
  },
  {
    "entities": {
      "urls": [
        {
          "start": 249,
          "end": 272,
          "url": "https://t.co/rbsOVr1WDH",
          "expanded_url": "https://x.com/Hetman_K/status/1745379029224472841/photo/1",
          "display_url": "pic.x.com/rbsOVr1WDH",
          "media_key": "3_1745379023679635456"
        }
      ],
      "hashtags": [
        {
          "start": 23,
          "end": 31,
          "tag": "NaStart"
        }
      ],
      "mentions": [
        {
          "start": 89,
          "end": 99,
          "username": "MRiTGOVPL",
          "id": "953595684929921024"
        }
      ]
    },
    "id": "1745379029224472841",
    "possibly_sensitive": false,
    "created_at": "2024-01-11T09:36:02.000Z",
    "edit_controls": {
      "edits_remaining": 5,
      "is_edit_eligible": true,
      "editable_until": "2024-01-11 10:36:02+00:00"
    },
    "text": "📢 Kredyt mieszkaniowy  #NaStart - zgodnie z zapowiedzią ruszają konsultacje! \n🏠 🗣️Dziś w @MRiTGOVPL spotykamy się z ekspertami, by wysłuchać ich uwag do zaprezentowanych propozycji wsparcia kredytobiorców. Wkrótce kolejne spotkania w tej sprawie. 🤝 https://t.co/rbsOVr1WDH",
    "public_metrics": {
      "retweet_count": 33,
      "reply_count": 148,
      "like_count": 139,
      "quote_count": 6,
      "bookmark_count": 3,
      "impression_count": 27465
    },
    "edit_history_tweet_ids": [
      "1745379029224472841"
    ],
    "attachments": {
      "media_keys": [
        "3_1745379023679635456"
      ]
    },
    "reply_settings": "everyone",
    "author_id": "747764682459582465",
    "lang": "pl",
    "conversation_id": "1745379029224472841",
    "category": "Original"
  },
  {
    "entities": {
      "urls": [
        {
          "start": 221,
          "end": 244,
          "url": "https://t.co/dWjHDuoER3",
          "expanded_url": "https://x.com/Hetman_K/status/1743368627615662480/photo/1",
          "display_url": "pic.x.com/dWjHDuoER3",
          "media_key": "3_1743368621131177984"
        }
      ],
      "hashtags": [
        {
          "start": 201,
          "end": 208,
          "tag": "Kosmos"
        },
        {
          "start": 209,
          "end": 213,
          "tag": "ESA"
        },
        {
          "start": 214,
          "end": 220,
          "tag": "polsa"
        }
      ],
      "mentions": [
        {
          "start": 16,
          "end": 30,
          "username": "astro_slawosz",
          "id": "1595145450398650368"
        }
      ]
    },
    "id": "1743368627615662480",
    "possibly_sensitive": false,
    "created_at": "2024-01-05T20:27:25.000Z",
    "edit_controls": {
      "edits_remaining": 5,
      "is_edit_eligible": true,
      "editable_until": "2024-01-05 21:27:25+00:00"
    },
    "context_annotations": [
      {
        "domain": {
          "id": "30",
          "name": "Entities [Entity Service]",
          "description": "Entity Service top level domain, every item that is in Entity Service should be in this domain"
        },
        "entity": {
          "id": "872801340224806912",
          "name": "Aerospace",
          "description": "Aerospace"
        }
      },
      {
        "domain": {
          "id": "46",
          "name": "Business Taxonomy",
          "description": "Categories within Brand Verticals that narrow down the scope of Brands"
        },
        "entity": {
          "id": "1557696420500541440",
          "name": "Automotive, Aircraft & Boat Business",
          "description": "Brands, companies, advertisers and every non-person handle with the profit intent related to automobile, spacecraft, aircraft and boat manufacturing"
        }
      },
      {
        "domain": {
          "id": "47",
          "name": "Brand",
          "description": "Brands and Companies"
        },
        "entity": {
          "id": "872807259939549186",
          "name": "ESA",
          "description": "ESA"
        }
      },
      {
        "domain": {
          "id": "30",
          "name": "Entities [Entity Service]",
          "description": "Entity Service top level domain, every item that is in Entity Service should be in this domain"
        },
        "entity": {
          "id": "854692455005921281",
          "name": "Science",
          "description": "Science"
        }
      },
      {
        "domain": {
          "id": "66",
          "name": "Interests and Hobbies Category",
          "description": "A grouping of interests and hobbies entities, like Novelty Food or Destinations"
        },
        "entity": {
          "id": "847899255880564736",
          "name": "Space",
          "description": "Space and astronomy"
        }
      },
      {
        "domain": {
          "id": "131",
          "name": "Unified Twitter Taxonomy",
          "description": "A taxonomy of user interests. "
        },
        "entity": {
          "id": "847899255880564736",
          "name": "Space",
          "description": "Space and astronomy"
        }
      },
      {
        "domain": {
          "id": "131",
          "name": "Unified Twitter Taxonomy",
          "description": "A taxonomy of user interests. "
        },
        "entity": {
          "id": "872807259939549186",
          "name": "ESA",
          "description": "ESA"
        }
      },
      {
        "domain": {
          "id": "131",
          "name": "Unified Twitter Taxonomy",
          "description": "A taxonomy of user interests. "
        },
        "entity": {
          "id": "1352681651516567553",
          "name": "Space agencies & companies"
        }
      },
      {
        "domain": {
          "id": "164",
          "name": "Fields of study",
          "description": "for all fields of study, e.g., futurology, microbiology "
        },
        "entity": {
          "id": "854692455005921281",
          "name": "Science",
          "description": "Science"
        }
      }
    ],
    "text": "Spotkanie z dr. @astro_slawosz, astronautą projektowym ESA. Wyłoniony z ponad 22 tys. kandydatów do misji kosmicznej. Za nami rozmowa o nadchodzącej misji i rosnącej roli Polski w branży kosmicznej. 🌌 #Kosmos #ESA #polsa https://t.co/dWjHDuoER3",
    "public_metrics": {
      "retweet_count": 19,
      "reply_count": 7,
      "like_count": 64,
      "quote_count": 0,
      "bookmark_count": 0,
      "impression_count": 4907
    },
    "edit_history_tweet_ids": [
      "1743368627615662480"
    ],
    "attachments": {
      "media_keys": [
        "3_1743368621131177984"
      ]
    },
    "reply_settings": "everyone",
    "author_id": "747764682459582465",
    "lang": "pl",
    "conversation_id": "1743368627615662480",
    "category": "Original"
  },
  {
    "entities": {
      "urls": [
        {
          "start": 267,
          "end": 290,
          "url": "https://t.co/8sx2UQV3XH",
          "expanded_url": "https://x.com/Hetman_K/status/1743002193030983939/photo/1",
          "display_url": "pic.x.com/8sx2UQV3XH",
          "media_key": "3_1743002187276365825"
        }
      ],
      "hashtags": [
        {
          "start": 2,
          "end": 20,
          "tag": "MieszkanieNaStart"
        },
        {
          "start": 141,
          "end": 159,
          "tag": "MieszkanieNaStart"
        }
      ]
    },
    "id": "1743002193030983939",
    "possibly_sensitive": false,
    "created_at": "2024-01-04T20:11:20.000Z",
    "edit_controls": {
      "edits_remaining": 5,
      "is_edit_eligible": true,
      "editable_until": "2024-01-04 21:11:20+00:00"
    },
    "text": "📢 #MieszkanieNaStart - ruszamy! \n🔁 Zmiana kursu od \"Bezpiecznego Kredytu 2%\" do bardziej efektywnego, dopasowanego do potrzeb rynku programu #MieszkanieNaStart.\n📊 Planowany start w połowie 2024, pula środków 500 mln zł, by sprostać aktualnym wyzwaniom mieszkaniowym. https://t.co/8sx2UQV3XH",
    "public_metrics": {
      "retweet_count": 37,
      "reply_count": 169,
      "like_count": 153,
      "quote_count": 8,
      "bookmark_count": 4,
      "impression_count": 36330
    },
    "edit_history_tweet_ids": [
      "1743002193030983939"
    ],
    "attachments": {
      "media_keys": [
        "3_1743002187276365825"
      ]
    },
    "reply_settings": "everyone",
    "author_id": "747764682459582465",
    "lang": "pl",
    "conversation_id": "1743002193030983939",
    "category": "Original"
  },
  {
    "entities": {
      "urls": [
        {
          "start": 87,
          "end": 110,
          "url": "https://t.co/hxnOrrlSJe",
          "expanded_url": "https://x.com/Hetman_K/status/1740381809949520294/photo/1",
          "display_url": "pic.x.com/hxnOrrlSJe",
          "media_key": "3_1740381804341641216"
        }
      ],
      "mentions": [
        {
          "start": 20,
          "end": 32,
          "username": "Stefaniak__",
          "id": "1380247910193975297"
        },
        {
          "start": 54,
          "end": 64,
          "username": "MRiTGOVPL",
          "id": "953595684929921024"
        }
      ]
    },
    "id": "1740381809949520294",
    "possibly_sensitive": false,
    "created_at": "2023-12-28T14:38:52.000Z",
    "edit_controls": {
      "edits_remaining": 5,
      "is_edit_eligible": true,
      "editable_until": "2023-12-28 15:38:52+00:00"
    },
    "geo": {
      "place_id": "535f0c2de0121451"
    },
    "text": "🔴To już oficjalnie: @Stefaniak__ rzecznikiem prasowym @MRiTGOVPL. \nWitamy w drużynie 🤝 https://t.co/hxnOrrlSJe",
    "public_metrics": {
      "retweet_count": 67,
      "reply_count": 98,
      "like_count": 591,
      "quote_count": 9,
      "bookmark_count": 2,
      "impression_count": 58651
    },
    "edit_history_tweet_ids": [
      "1740381809949520294"
    ],
    "attachments": {
      "media_keys": [
        "3_1740381804341641216"
      ]
    },
    "reply_settings": "everyone",
    "author_id": "747764682459582465",
    "lang": "pl",
    "conversation_id": "1740381809949520294",
    "category": "Original"
  },
  {
    "public_metrics": {
      "retweet_count": 67,
      "reply_count": 98,
      "like_count": 590,
      "quote_count": 9,
      "bookmark_count": 2,
      "impression_count": 58651
    },
    "reply_settings": "everyone",
    "author_id": "747764682459582465",
    "id": "1740381809949520294",
    "text": "🔴To już oficjalnie: @Stefaniak__ rzecznikiem prasowym @MRiTGOVPL. \nWitamy w drużynie 🤝 https://t.co/hxnOrrlSJe",
    "attachments": {
      "media_keys": [
        "3_1740381804341641216"
      ]
    },
    "entities": {
      "urls": [
        {
          "start": 87,
          "end": 110,
          "url": "https://t.co/hxnOrrlSJe",
          "expanded_url": "https://x.com/Hetman_K/status/1740381809949520294/photo/1",
          "display_url": "pic.x.com/hxnOrrlSJe",
          "media_key": "3_1740381804341641216"
        }
      ],
      "mentions": [
        {
          "start": 20,
          "end": 32,
          "username": "Stefaniak__",
          "id": "1380247910193975297"
        },
        {
          "start": 54,
          "end": 64,
          "username": "MRiTGOVPL",
          "id": "953595684929921024"
        }
      ]
    },
    "edit_controls": {
      "edits_remaining": 5,
      "is_edit_eligible": true,
      "editable_until": "2023-12-28 15:38:52+00:00"
    },
    "created_at": "2023-12-28T14:38:52.000Z",
    "edit_history_tweet_ids": [
      "1740381809949520294"
    ],
    "lang": "pl",
    "conversation_id": "1740381809949520294",
    "possibly_sensitive": false,
    "geo": {
      "place_id": "535f0c2de0121451"
    },
    "category": "Original"
  }
]